,Epitope,Immunogenic,nndist,distance
1,AAAPVVESK,False,1,7.286113631400749
21,AEFTVPKFL,False,1,1.715035226009567
30,AEMLREEGY,True,1,1.101286426493662
37,AESRKLLLI,True,1,9.362758935648216
91,AKLDRLDEE,True,1,5.315721123564645
118,ALIIIRSLL,False,1,7.109560227343781
173,AMAGASTSA,True,1,4.35410896037106
211,APVPPPEPL,True,1,11.723661968230404
421,CTELKLSDN,False,1,1.3325056708227336
449,CYNPRTNKW,False,1,0.9016297022845844
511,DESTLSPEM,False,1,7.762900505802334
531,DIDSAIETY,False,1,3.335350206010866
550,DLKPDNILL,False,1,0.7123785867572394
556,DLQDRNTEL,True,1,8.505121346237742
574,DRFYKVLRA,False,1,4.579099566445812
632,EEAIVAYTL,True,1,12.563076981816033
636,EEEEDGESL,False,1,3.046547011573842
659,EEKSDINTL,False,1,1.8679271844065222
661,EELKQKLRL,False,1,9.734071878843725
669,EEQILASIL,False,1,3.859790640563804
692,EFQVVNPHL,False,1,0.8586822053669246
726,ELLEQQKAA,False,1,5.754310520545875
836,EYVLLLFLL,True,1,5.488424795002781
932,FFPDFVITL,False,1,9.890042868884615
965,FIFLLFLTL,False,1,4.319790826470806
999,FLAVLSPTI,False,1,14.528155332721248
1016,FLGERVTLT,True,1,6.377751977811313
1048,FLLSLGIHL,True,1,6.877101525135407
1227,FVIFPIQYY,False,1,11.078056854033507
1247,FVVFILIYV,False,1,1.5552537043794632
1328,GEPAETRVL,False,1,9.408237346651672
1374,GLAAAVVAV,True,1,4.80795224102374
1376,GLADAFILL,False,1,1.6632073613166607
1415,GLPVEYLQV,True,1,11.723661968230404
1506,GTSNWTGNY,False,1,2.93058822753998
1508,GTTNSCVSV,False,1,2.1723366753826454
1739,IENIHSEMY,False,1,0.8586822053669246
1835,IIYERDFSY,False,1,2.6513219943351025
1847,ILCTRTPPK,False,1,4.467404469088711
1850,ILDEERDKV,False,1,12.24017548342006
1955,IPAALIILL,False,1,2.281198990237996
2227,KELYVSSSY,False,1,5.187371521791144
2351,KLIANNTRV,True,1,4.579099566445812
2366,KLLKDLFPK,False,1,1.0126274625501583
2413,KMAADRGAF,False,1,3.7442378785335424
2470,KQIANELNY,True,1,0.359595416575478
2577,KVIVRNLNK,False,1,0.8477542113452641
2592,KVSPPSLGK,False,1,7.836929163270682
2707,LAILSVSSF,False,1,3.1501644220500604
2710,LALLLLDRL,True,1,15.199966608049946
2759,LESYSSSPL,False,1,4.333440028399616
2808,LFTISVSSL,False,1,11.216974569992193
2826,LIASNVAGV,True,1,8.03611332924152
2861,LLAQEQLEK,False,1,2.709528062375589
2862,LLCLIFLLV,True,1,8.535529616914063
2919,LLLSNLAIV,False,1,7.921294659101276
2967,LLVAPMPTA,False,1,0.8477542113452641
2971,LLVIWILIV,False,1,12.077712249356205
2983,LLYLILFLL,False,1,11.165715687922791
3029,LPFDKTTVM,False,1,6.499250082870797
3053,LPNITLKII,False,1,11.216974569992193
3110,LSMLNLTKY,False,1,8.833339822707787
3128,LTAAVLLLI,True,1,13.434184320206871
3129,LTARDAGTY,False,1,7.068674091225416
3138,LTFLHTLYK,False,1,0.8219085740610514
3213,LYALALLLL,True,1,4.13412985496363
3247,LYLILFLLF,False,1,8.828772988951213
3277,LYVFVGTKF,False,1,6.12556053198738
3357,MIVAWFLLL,False,1,12.077712249356205
3539,NELKKTSSF,False,1,8.722343566885376
3664,NRRRRTAGV,True,1,1.4866770528216093
3767,PDESTLSPE,False,1,4.163204401586216
3984,QVKDEKLNL,False,1,1.9182651397107968
4023,RALSLAAVL,False,1,1.3072708183314798
4080,RGDLETLGY,False,1,7.500014197364148
4141,RLLDRLVRL,True,1,8.92084466372103
4304,RYAPVCKPL,False,1,6.375339966932122
4525,SLLIDTYVK,False,1,0.559265663874022
4548,SLQQEITLL,True,1,0.717275472321266
4550,SLRDREFSK,False,1,5.171176424507192
4556,SLSIFFIVV,False,1,1.6207456208730648
4596,SMINGVVKL,True,1,5.488424795002781
4630,SPKAGLLSL,True,1,7.193387118952452
4669,SPVSILSTL,False,1,7.576756226455258
4737,SSSISISKY,False,1,13.029789799225627
4776,STLESEIAK,False,1,13.30499403081831
4779,STLPETTVV,True,1,4.547837760586758
4935,TFFSRGLSR,False,1,7.532431700243194
5026,TLQQLLMGT,False,1,5.358623192937657
5178,TVQEFIFSA,False,1,0.5554475213868441
5234,VAATMANEM,True,1,6.893984946661308
5239,VALMLQGNK,True,1,12.145107448317683
5268,VEIPNRIVF,False,1,1.5983858379598266
5269,VEIRKIKSL,False,1,11.785567709384305
5279,VEPYTSNIY,False,1,0.3049277219553728
5317,VFLTSNAGL,False,1,13.924690015275242
5357,VLCLRPVGA,True,1,11.91931993237246
5393,VLLQRLHLL,False,1,1.88103046094124
5585,VYGDTDSVF,False,1,1.5983858379598266
5609,VYNNTARYI,False,1,0.6969574627251133
5731,YEPGKRRWL,False,1,2.931556294675471
5735,YERDFSYNY,False,1,1.715035226009567
5751,YFIKHVLAF,False,1,4.946857712054871
5755,YFKRLTSEI,False,1,8.972304858701301
5832,YLFNAIETM,False,1,0.6254894966251542
5904,YPEFARKAL,False,1,2.2695407764072053
6036,YYLPLRKDI,False,1,7.058578961254616
