PMHC	PATIENT_ID	TISSUE_TYPE	MHC	ALT_EPI_SEQ	PEP_LEN	MEASURED_BINDING_AFFINITY	NETMHC_PAN_BINDING_AFFINITY	TUMOR_ABUNDANCE	BINDING_STABILITY	FRAC_HYDROPHOBIC	AGRETOPICITY	FOREIGNNESS	MUTATION_POSITION	NUMBER_PREDICTING	VALIDATED	TCR_FLOW_I	TCR_FLOW_I_QUANT	TCR_NANOPARTICLE	TCR_FLOW_II	TCR_FLOW_II_QUANT
A*01:01_ASSFLKSFY	3	PBMC	A*01:01	ASSFLKSFY	9	45	132.1	57.8190510096	0.76	0.333333333333333	0.019019294583606	0	2	11	0	0	0	NA	0	0
A*01:01_ATLFSDSWYY	3	PBMC	A*01:01	ATLFSDSWYY	10	33	251.7	51.8572495	2.2	0.3	0.838764951301935	0	3	10	0	0	0	NA	0	0
A*01:01_CSDSGKSFINY	3	PBMC	A*01:01	CSDSGKSFINY	11	77	64.8	30.38959	2.24	0.272727272727273	0.01085110768262	9.28E-20	11	8	0	0	0.0011	NA	0	0
A*01:01_CVDWLIAVY	2	PBMC	A*01:01	CVDWLIAVY	9	0	38.7	159.96769	2.28	0.666666666666667	1.23834544652356	0	5	13	0	0	0	NA	0	0
A*01:01_DTDSRFISY	3	PBMC	A*01:01	DTDSRFISY	9	3	24	45.76528	1.21	0.222222222222222	1.05727666963012	0	8	13	0	0	0	NA	0	0
A*01:01_ELTQGYIYFY	2	PBMC	A*01:01	ELTQGYIYFY	10	1320	481.3	24.6341941	2.8	0.3	0.037686284304179	NA	10	8	0	0	0	NA	0	0
A*01:01_ESEPYTFSY	3	PBMC	A*01:01	ESEPYTFSY	9	NA	22.7	1.9711624	1.82	0.111111111111111	0.00499976713054	0	9	5	0	0	0	NA	0	0
A*01:01_FATCLGLFY	3	PBMC	A*01:01	FATCLGLFY	9	354	88.3	45.6165775	2.22	0.555555555555556	0.291195565690515	2.67E-11	8	12	0	0	0	NA	0	0
A*01:01_FSDCEIFY	3	PBMC	A*01:01	FSDCEIFY	8	30	29.1	6.784976	2.9	0.5	0.421704343997472	0.992380228905816	7	6	0	0	0	NA	0	0
A*01:01_FSDVGEVPY	3	PBMC	A*01:01	FSDVGEVPY	9	9	7.2	NA	1.06	0.333333333333333	0.612115520891766	0.999999849112565	1	8	0	0	0	NA	0	0
A*01:01_FSEAGIHY	2	PBMC	A*01:01	FSEAGIHY	8	NA	705.9	35.77317	0.92	0.25	0.028089611751283	0	2	6	0	0	0	NA	0	0
A*01:01_FSSPTHSLY	2	PBMC	A*01:01	FSSPTHSLY	9	0	12.3	51.141934	1.34	0.222222222222222	0.289938210517892	0	1	16	0	0	0	NA	0	0
A*01:01_FSSPTHSLYV	2	PBMC	A*01:01	FSSPTHSLYV	10	42	314	51.141934	1.34	0.3	0.166728703889253	0	1	8	0	0	0	NA	0	0
A*01:01_FTADQKVVY	3	PBMC	A*01:01	FTADQKVVY	9	NA	81.4	41.25845	0.81	0.333333333333333	1.18489355094413	0	7	15	0	0	0	NA	0	0
A*01:01_FTASSFLKSFY	3	PBMC	A*01:01	FTASSFLKSFY	11	NA	33.2	57.8190510096	1.52	0.363636363636364	0.872761053485325	NA	4	8	0	0	0	NA	0	0
A*01:01_FTDRERHCF	3	PBMC	A*01:01	FTDRERHCF	9	372	184.3	1.0339814	0.77	0.333333333333333	0.055959474816282	0	9	4	0	0	0	NA	0	0
A*01:01_FTNESYLELY	3	PBMC	A*01:01	FTNESYLELY	10	2	7.5	62.9918092	2.83	0.3	2.29119252986189	6.95E-09	3	11	1	1	1.05	NA	1	0.153
A*01:01_FTQEDPQMVY	3	PBMC	A*01:01	FTQEDPQMVY	10	12	18.6	31.714171	1.11	0.3	0.492316439702064	5.47E-24	1	9	0	0	0	NA	0	0
A*01:01_GDTDSRFISY	3	PBMC	A*01:01	GDTDSRFISY	10	NA	54.2	NA	1.21	0.2	0.91987037065676	NA	9	5	0	0	0	NA	0	0
A*01:01_GTDPLFMFA	2	PBMC	A*01:01	GTDPLFMFA	9	NA	218.6	NA	0.28	0.444444444444444	1.09102833915548	0	6	11	0	0	0	NA	0	0
A*01:01_IAADGEFLY	2	PBMC	A*01:01	IAADGEFLY	9	23878	100.9	28.051925	4.21	0.333333333333333	0.023724760700059	NA	9	10	0	0	0	NA	0	0
A*01:01_IFSSPTHSLY	2	PBMC	A*01:01	IFSSPTHSLY	10	216	97	51.141934	1.34	0.3	1.18998331255386	NA	2	8	0	0	0	NA	0	0
A*01:01_ILDTAGHEEY	2	PBMC	A*01:01	ILDTAGHEEY	10	NA	131.8	55.8579	1.8	0.2	0.939635593121404	2.05E-13	7	12	1	1	0.028	NA	0	0
A*01:01_ISEYVSVRFY	3	PBMC	A*01:01	ISEYVSVRFY	10	NA	49	22.963236	1.59	0.4	0.009127340002892	0	2	9	0	0	0	NA	0	0
A*01:01_ISVATFLPY	2	PBMC	A*01:01	ISVATFLPY	9	518	295	9.402694	1.97	0.444444444444444	1.6517330244575	0	1	11	0	0	0	NA	0	0
A*01:01_KSDSVTSDCGY	2	PBMC	A*01:01	KSDSVTSDCGY	11	NA	248.5	6.374342	1.85	0.181818181818182	0.569826262797489	0	9	7	0	0	0	NA	0	0
A*01:01_LLDEPSAHLY	2	PBMC	A*01:01	LLDEPSAHLY	10	11	25	12.87972	2.98	0.3	0.005437886150081	0.000117897998786	10	5	0	0	0	NA	0	0
A*01:01_LSDGPSMGRY	3	PBMC	A*01:01	LSDGPSMGRY	10	6	15.6	73.9485217	2.41	0.2	1.39841328693319	0	4	10	1	1	0.92	NA	1	0.016
A*01:01_LSGSDNVLY	2	PBMC	A*01:01	LSGSDNVLY	9	NA	130.5	72.53415	0.93	0.333333333333333	0.365305745018379	5.90E-05	8	16	0	0	0	NA	0	0
A*01:01_LTEQYNEKY	2	PBMC	A*01:01	LTEQYNEKY	9	7	20.4	NA	2.03	0.111111111111111	NA	0.000117897998991	8	1	0	0	0	NA	0	0
A*01:01_LTQGYIYFY	2	PBMC	A*01:01	LTQGYIYFY	9	26	52	24.6341941	2.8	0.333333333333333	0.01255252147024	0	9	13	0	0	0	NA	0	0
A*01:01_LTVDYATFY	3	PBMC	A*01:01	LTVDYATFY	9	138	41.9	2.2941761	4.95	0.333333333333333	0.646420479802599	0	1	7	0	0	0	NA	0	0
A*01:01_LVDIVLNFY	2	PBMC	A*01:01	LVDIVLNFY	9	0	19.3	NA	4.68	0.666666666666667	0.01270435226882	0	9	10	0	0	0	NA	0	0
A*01:01_MIDNETLLVEY	3	PBMC	A*01:01	MIDNETLLVEY	11	NA	24.6	18.9389234	3.27	0.454545454545455	0.609174021267956	0	8	9	0	0	0	NA	0	0
A*01:01_MLDIIKAIY	3	PBMC	A*01:01	MLDIIKAIY	9	360	78	9.94790528666667	1.54	0.555555555555556	1.55386771121939	0.000118350572012	5	5	0	0	0	NA	0	0
A*01:01_PSAEVEMTFY	3	PBMC	A*01:01	PSAEVEMTFY	10	187	290.9	366.314028	0.88	0.3	0.304115851300468	0	9	6	0	0	0	NA	0	0
A*01:01_QLDVSRLWY	2	PBMC	A*01:01	QLDVSRLWY	9	5	95.5	43.401947	0.97	0.444444444444444	NA	0	4	4	0	0	0	NA	0	0
A*01:01_RCVDWLIAVY	2	PBMC	A*01:01	RCVDWLIAVY	10	9280	261	159.96769	2.28	0.6	1.23095196562096	2.05E-13	6	6	0	0	0	NA	0	0
A*01:01_RSAQKMFTY	3	PBMC	A*01:01	RSAQKMFTY	9	NA	512.3	9.7000599	1.29	0.222222222222222	1.34278991966391	0	5	5	0	0	0	NA	0	0
A*01:01_SSDCSAWY	2	PBMC	A*01:01	SSDCSAWY	8	55	274.7	40.966445	2.48	0.25	0.597440956595119	0	4	6	0	0	0	NA	0	0
A*01:01_SSDCSAWYM	2	PBMC	A*01:01	SSDCSAWYM	9	173	156.9	40.966445	2.48	0.333333333333333	0.799213618453842	0.999999999973312	4	13	0	0	0	NA	0	0
A*01:01_TTDNYIAQGKRKSY	3	PBMC	A*01:01	TTDNYIAQGKRKSY	14	NA	31.7	NA	0.19	0.071428571428571	0.001382962943573	0.999941047525418	14	1	0	0	0	NA	0	0
A*01:01_VSCRSVWEY	3	PBMC	A*01:01	VSCRSVWEY	9	NA	583.3	51.9938182	2.99	0.444444444444444	0.036103302333711	2.67E-11	2	12	0	0	0.038	NA	0	0
A*01:01_VSEGGCFCY	2	PBMC	A*01:01	VSEGGCFCY	9	55	81.9	NA	1.7	0.444444444444444	0.555240256842658	4.53E-07	7	4	0	0	0	NA	0	0
A*01:01_WSDIMFEHFY	3	PBMC	A*01:01	WSDIMFEHFY	10	NA	4	NA	1.19	0.5	0.064934842253465	1.21E-17	10	3	0	0	0	NA	0	0
A*01:01_WSFPYEFLY	3	PBMC	A*01:01	WSFPYEFLY	9	NA	32.3	7.4435274	0.58	0.444444444444444	0.288734529958596	0	8	13	0	0	0	NA	0	0
A*01:01_WVDPEDLYKGY	3	PBMC	A*01:01	WVDPEDLYKGY	11	NA	43.1	27.9260488419	1.12	0.272727272727273	0.140203360996451	0	7	6	0	0	0	NA	0	0
A*01:01_YTAEKKSLSE	2	PBMC	A*01:01	YTAEKKSLSE	10	NA	17738.7	NA	0.13	0.1	NA	NA	8	3	0	0	0	NA	0	0
A*01:01_YTDKSEHATY	3	PBMC	A*01:01	YTDKSEHATY	10	NA	6.6	NA	4.21	0	1.22462941922382	3.48E-09	4	4	0	0	0	NA	0	0
A*02:01_ALDHMFMYFL	1	PBMC	A*02:01	ALDHMFMYFL	10	10	32.4	50.383842	5.06	0.6	0.586219547634214	6.15E-13	3	9	1	0	0.006	1	NA	NA
A*02:01_ALDKNLHQL	2	PBMC	A*02:01	ALDKNLHQL	9	20	37.6	2.938283	4.64	0.333333333333333	5.25985338687417	4.53E-07	4	8	0	0	0	NA	0	0
A*02:01_ALFELRNISV	12	TIL	A*02:01	ALFELRNISV	10	0.31	11.9	NA	3.53	0.5	0.90583372625164	0	6	5	0	0	0	NA	NA	NA
A*02:01_ALGVYGGPYV	1	PBMC	A*02:01	ALGVYGGPYV	10	53	99.9	NA	1.87	0.3	0.004474924298077	0	10	1	0	0	0	NA	NA	NA
A*02:01_ALHEEVVCV	12	TIL	A*02:01	ALHEEVVCV	9	25	21.2	17.08233	10.6	0.555555555555556	1.88874278944612	0	8	8	0	0	0	NA	NA	NA
A*02:01_ALKEIIPQCI	1	PBMC	A*02:01	ALKEIIPQCI	10	1207	319.3	69.68075	1.7	0.5	0.145213051554555	NA	4	9	0	0	0	NA	NA	NA
A*02:01_ALPPTVYEV	2	PBMC	A*02:01	ALPPTVYEV	9	7	6.8	83.895846	11.82	0.333333333333333	0.162908108595133	0.007619771094184	9	15	1	1	0.042	NA	1	0.012
A*02:01_ALSDGPIDAV	1	PBMC	A*02:01	ALSDGPIDAV	10	15	64.2	NA	2.63	0.3	NA	0	6	1	0	0	0	NA	NA	NA
A*02:01_ALVNQQFLCV	12	TIL	A*02:01	ALVNQQFLCV	10	105	77.6	4.86674	5.89	0.6	5.83458646616541	0	3	7	0	0	0	NA	NA	NA
A*02:01_ALWEAFYRQNL	2	PBMC	A*02:01	ALWEAFYRQNL	11	NA	96	124.20169	2.42	0.363636363636364	0.043518497949896	0	3	9	0	0	0	NA	0	0
A*02:01_ALWPLAYGV	12	TIL	A*02:01	ALWPLAYGV	9	1	4.4	NA	10.81	0.444444444444444	1	0	4	2	0	0	0	NA	NA	NA
A*02:01_AVLGSFSYV	2	PBMC	A*02:01	AVLGSFSYV	9	2	10.8	48.279975	4.67	0.444444444444444	2.15541399731884	0	7	14	0	NA	NA	NA	0	0
A*02:01_AVPGGGMPI	16	TIL	A*02:01	AVPGGGMPI	9	2311	3334.3	NA	0.67	0.333333333333333	0.043672220335771	0.007619771094184	9	5	0	0	0	NA	NA	NA
A*02:01_AVYCACFVEL	1	PBMC	A*02:01	AVYCACFVEL	10	30	157	56.6548852	1.84	0.6	0.407754005866355	6.03E-05	6	8	0	0	0	NA	NA	NA
A*02:01_EMASVLFKA	1	PBMC	A*02:01	EMASVLFKA	9	469	98	19.070759	1.84	0.444444444444444	0.053606336286672	0	2	13	0	0	0.003	NA	NA	NA
A*02:01_FHLAELCIEV	2	PBMC	A*02:01	FHLAELCIEV	10	340	6.3	NA	12.97	0.6	0.402179119017891	NA	1	9	0	0	0	NA	0	0
A*02:01_FIAEQILATL	2	PBMC	A*02:01	FIAEQILATL	10	21	15.1	50.3691317289	3.77	0.5	0.145739225977678	0	1	11	0	0	0	NA	0	0
A*02:01_FIWLATRRV	2	PBMC	A*02:01	FIWLATRRV	9	72	50.3	46.4983723173	2.51	0.555555555555556	0.14392929677111	0	1	9	0	NA	NA	NA	0	0
A*02:01_FIYLFVTET	12	TIL	A*02:01	FIYLFVTET	9	48	81.2	0.319773	1.81	0.555555555555556	2.19632926985758	0	7	11	0	0	0	NA	NA	NA
A*02:01_FLAFTGVAGYI	12	TIL	A*02:01	FLAFTGVAGYI	11	6.7	434.5	0.655221	2.4	0.454545454545455	0.327713532772136	1.57E-15	1	7	0	0	0	NA	NA	NA
A*02:01_FLCEILRSMSI	16	TIL	A*02:01	FLCEILRSMSI	11	79	72	NA	8.3	0.636363636363636	0.269865067466267	0	10	2	0	0	0	NA	NA	NA
A*02:01_FLCNARVKV	16	TIL	A*02:01	FLCNARVKV	9	143	68.7	NA	5.31	0.555555555555556	0.057095553955122	0	2	12	0	0	0	NA	NA	NA
A*02:01_FLDEGFSGL	2	PBMC	A*02:01	FLDEGFSGL	9	4	3.1	1.75059	2.62	0.444444444444444	0.000621389729489	0.5	2	5	0	0	0	NA	0	0
A*02:01_FLDEGFSGLV	2	PBMC	A*02:01	FLDEGFSGLV	10	0	6.9	NA	2.62	0.5	0.000807877389971	0.5	2	2	0	0	0	NA	0	0
A*02:01_FLDKFMEAV	2	PBMC	A*02:01	FLDKFMEAV	9	6	3.1	19.8557	15.84	0.555555555555556	1.65403538860113	0	4	12	0	0	0	NA	0	0
A*02:01_FLDPDLTNI	1	PBMC	A*02:01	FLDPDLTNI	9	5	4.2	8.3503516	5.09	0.444444444444444	0.148379070817609	0	1	5	1	0	0.035	1	NA	NA
A*02:01_FLFQEECWHL	2	PBMC	A*02:01	FLFQEECWHL	10	0	4.2	6.70939941	5.75	0.6	0.424927925419649	0	3	5	0	NA	NA	NA	0	0
A*02:01_FLGSLLILV	1	PBMC	A*02:01	FLGSLLILV	9	9	6.2	52.051897	8.45	0.777777777777778	0.463529084884215	0.999999996524196	1	15	1	0	0	1	NA	NA
A*02:01_FLGSLLILVV	1	PBMC	A*02:01	FLGSLLILVV	10	209	24.8	52.051897	8.45	0.8	0.478571712860517	0.999999996524196	1	9	0	0	0	NA	NA	NA
A*02:01_FLLDETEVSV	2	PBMC	A*02:01	FLLDETEVSV	10	4	4.9	0.6532674	11.34	0.5	1.17418840588369	0	5	6	0	0	0	NA	0	0
A*02:01_FLLWKATGV	2	PBMC	A*02:01	FLLWKATGV	9	4	3.7	27.5352742785	6.72	0.555555555555556	0.533999115195449	0	3	13	0	0	0	NA	0	0
A*02:01_FLNCDIMLGV	1	PBMC	A*02:01	FLNCDIMLGV	10	11	6.2	NA	9.32	0.7	1.44186046511628	0	4	2	1	0	0	1	NA	NA
A*02:01_FLNDASACV	2	PBMC	A*02:01	FLNDASACV	9	8	4	2.086575	17.08	0.444444444444444	0.515885795900078	0	6	8	0	0	0	NA	0	0
A*02:01_FLNDSEQV	16	TIL	A*02:01	FLNDSEQV	8	560	172	NA	7.59	0.375	NA	0	NA	1	0	0	0	NA	NA	NA
A*02:01_FLNSFQEL	12	TIL	A*02:01	FLNSFQEL	8	131	174.9	1.103979	7.41	0.5	1.01087852376587	0	6	3	0	0	0	NA	NA	NA
A*02:01_FLPKQGQIFCL	2	PBMC	A*02:01	FLPKQGQIFCL	11	43	130	20.0406084	2.67	0.545454545454545	0.021895027692376	0	11	7	0	0	0	NA	0	0
A*02:01_FLREYLYVYKI	16	TIL	A*02:01	FLREYLYVYKI	11	1021	497.6	8.854365	3.47	0.454545454545455	0.112215240797338	0	11	10	0	0	0	NA	NA	NA
A*02:01_FLRHMCHFTEV	1	PBMC	A*02:01	FLRHMCHFTEV	11	337	10	23.3657059	3.01	0.545454545454545	0.709219858156028	0.036971983273161	9	2	0	0	0	NA	NA	NA
A*02:01_FLSEFAGTQL	2	PBMC	A*02:01	FLSEFAGTQL	10	NA	13.7	13.79213	3.26	0.4	0.483055774251752	0	3	12	0	0	0	NA	0	0
A*02:01_FLSELEASV	2	PBMC	A*02:01	FLSELEASV	9	4	3	165.78024	8.05	0.444444444444444	0.27820619781744	0	1	15	0	0	0	NA	0	0
A*02:01_FLTKLVHLV	16	TIL	A*02:01	FLTKLVHLV	9	2.3	4.5	NA	27.71	0.666666666666667	0.003011846596613	0	9	1	0	0	0	NA	NA	NA
A*02:01_FLVESQLHL	16	TIL	A*02:01	FLVESQLHL	9	1.8	5.1	NA	4.82	0.555555555555556	0.927272727272727	0.999941047525419	8	3	0	0	0	NA	NA	NA
A*02:01_FLWGSRAHA	2	PBMC	A*02:01	FLWGSRAHA	9	NA	26.7	NA	3.04	0.333333333333333	0.504886355198257	0	5	11	0	0	0	NA	0	0
A*02:01_FLWGSRAHAEI	2	PBMC	A*02:01	FLWGSRAHAEI	11	NA	90.7	NA	5.01	0.363636363636364	0.903564509603666	0	5	8	0	0	0	NA	0	0
A*02:01_FLYELEEKMEV	2	PBMC	A*02:01	FLYELEEKMEV	11	6	10.5	28.051925	12.3	0.454545454545455	0.310275453138352	0.999941047552103	3	12	0	0	0	NA	0	0
A*02:01_FMATYEINV	16	TIL	A*02:01	FMATYEINV	9	9	3.1	NA	4.19	0.444444444444444	0.00036195866853	0	3	4	0	0	0	NA	NA	NA
A*02:01_FMENIMEM	1	PBMC	A*02:01	FMENIMEM	8	9259	46.7	92.293977	0.96	0.625	0.068190694308094	0	1	6	0	0	0	NA	NA	NA
A*02:01_FMKDGLTGA	12	TIL	A*02:01	FMKDGLTGA	9	4	28.4	1.229539	2.13	0.333333333333333	3.26436781609195	0	3	6	0	0	0	NA	NA	NA
A*02:01_FNVLFDRLSKL	12	TIL	A*02:01	FNVLFDRLSKL	11	169	99.6	5.770895	4.02	0.545454545454545	3.02719929778049	0.00017683657384	7	6	0	0	0	NA	NA	NA
A*02:01_FQLPILQPA	2	PBMC	A*02:01	FQLPILQPA	9	NA	19.9	NA	5.07	0.444444444444444	0.688693049018382	0	5	10	0	0	0	NA	0	0
A*02:01_FQLRTADWHL	16	TIL	A*02:01	FQLRTADWHL	10	76	54.2	4.3956955	1.56	0.4	0.481628914384718	0	9	10	0	0	0	NA	NA	NA
A*02:01_FSDYVQCFL	12	TIL	A*02:01	FSDYVQCFL	9	276	312.5	NA	0.72	0.555555555555556	0.142501092703504	0.007619771120467	8	7	0	0	0	NA	NA	NA
A*02:01_FVANLFNTYL	1	PBMC	A*02:01	FVANLFNTYL	10	15	58.9	NA	1.77	0.5	0.015505108747416	0	10	6	0	0	0	0	NA	NA
A*02:01_FVLASLCLYV	1	PBMC	A*02:01	FVLASLCLYV	10	72	6	19.1521200004	9.06	0.7	0.980275246718927	0.992380228905816	5	10	0	0	0	0	NA	NA
A*02:01_FVLASLCLYVV	1	PBMC	A*02:01	FVLASLCLYVV	11	572	82.7	19.1521200004	9.06	0.727272727272727	1.05019727447262	0.999941047525622	5	5	0	0	0	NA	NA	NA
A*02:01_FVLEHEDGL	1	PBMC	A*02:01	FVLEHEDGL	9	411	173.9	109.474976822	0.78	0.444444444444444	0.690443160639991	0	4	11	0	0	0	0	NA	NA
A*02:01_FYLGSAYHAA	1	PBMC	A*02:01	FYLGSAYHAA	10	33336	346	NA	3.36	0.2	0.254259180041622	NA	1	5	0	0	0	NA	NA	NA
A*02:01_GLFEDTNLFA	1	PBMC	A*02:01	GLFEDTNLFA	10	6	47.1	NA	2.09	0.4	NA	0	9	1	0	0	0	NA	NA	NA
A*02:01_GLFRVTPEIPV	2	PBMC	A*02:01	GLFRVTPEIPV	11	NA	138.4	3.07393	6.79	0.454545454545455	0.112778520405726	0.999999999999998	11	6	0	0	0	NA	0	0
A*02:01_GLKDLLNPI	16	TIL	A*02:01	GLKDLLNPI	9	39	59.6	19.44205	2.89	0.444444444444444	1.0487496271626	0	3	11	0	0	0	NA	NA	NA
A*02:01_GLSEKCSLV	1	PBMC	A*02:01	GLSEKCSLV	9	67	76	NA	6.44	0.444444444444444	0.293814322961856	0	4	10	0	0	0	NA	NA	NA
A*02:01_GLSKYRPAI	16	TIL	A*02:01	GLSKYRPAI	9	875	564.6	12.973527	1.79	0.222222222222222	0.103982743213313	0	9	7	0	0	0	NA	NA	NA
A*02:01_GLTFKDVTV	16	TIL	A*02:01	GLTFKDVTV	9	1035	395	1.120794	1.43	0.444444444444444	0.971088058429085	0.992380228905816	8	8	0	0	0	NA	NA	NA
A*02:01_GLYGNLIVL	2	PBMC	A*02:01	GLYGNLIVL	9	NA	31.4	10.594267	3.15	0.555555555555556	0.263456744555379	4.10E-13	3	12	1	0	0	NA	1	0.077
A*02:01_GMLPSNYV	16	TIL	A*02:01	GMLPSNYV	8	2915	578.3	4.929364	3.89	0.375	1.05126793609271	0	5	5	0	0	0	NA	NA	NA
A*02:01_GMLPSNYVEAI	16	TIL	A*02:01	GMLPSNYVEAI	11	3.5	493	4.929364	3.89	0.363636363636364	0.944083707623723	2.42E-17	5	7	0	0	0	NA	NA	NA
A*02:01_GMLTNIWTV	1	PBMC	A*02:01	GMLTNIWTV	9	2	2.6	NA	14.72	0.555555555555556	NA	0.992380228906018	1	1	0	0	0	NA	NA	NA
A*02:01_GQEGKYDLLV	1	PBMC	A*02:01	GQEGKYDLLV	10	1033	7438.8	73.71446	0.23	0.3	NA	NA	4	3	0	0	0	NA	NA	NA
A*02:01_GQFGKVWMA	2	PBMC	A*02:01	GQFGKVWMA	9	8	9.8	36.140359	1.26	0.444444444444444	0.725925925925926	0.007677828635237	5	5	0	NA	NA	NA	0	0
A*02:01_HLIGGIQVL	2	PBMC	A*02:01	HLIGGIQVL	9	171	64.8	8.1339857	1.33	0.555555555555556	0.007235775521559	0	2	14	0	0	0	NA	0	0
A*02:01_HLMNIAIIA	16	TIL	A*02:01	HLMNIAIIA	9	511	86.7	3.32642	3.37	0.555555555555556	3.41369986228255	0	4	8	0	0	0	NA	NA	NA
A*02:01_IFLSELEASV	2	PBMC	A*02:01	IFLSELEASV	10	NA	18.3	165.78024	8.05	0.5	0.43448285167147	NA	2	9	0	0	0	NA	0	0
A*02:01_ILPFFYLGSA	1	PBMC	A*02:01	ILPFFYLGSA	10	19	188.3	75.56716	1.2	0.5	0.724640618748496	4.53E-07	5	8	0	0	0	NA	NA	NA
A*02:01_ILPGVFSKL	2	PBMC	A*02:01	ILPGVFSKL	9	NA	74.3	29.5001	1.57	0.555555555555556	0.005451849094571	0	2	12	0	0	0	NA	0	0
A*02:01_ILYHGNLVV	2	PBMC	A*02:01	ILYHGNLVV	9	13	13.3	NA	6.74	0.555555555555556	1.58925866879235	0	7	7	0	0	0	NA	0	0
A*02:01_IMGQQPAPQV	16	TIL	A*02:01	IMGQQPAPQV	10	531	792.7	28.406222	1.94	0.3	0.427097220412763	0	1	8	0	0	0	NA	NA	NA
A*02:01_IVYPTPTPI	2	PBMC	A*02:01	IVYPTPTPI	9	NA	309.5	4.8243	1.53	0.333333333333333	0.119249122173271	2.05E-13	3	8	0	0	0	NA	0	0
A*02:01_KAWENFPNV	1	PBMC	A*02:01	KAWENFPNV	9	14	34.7	110.061594881	2.42	0.333333333333333	0.443930004887784	0.007677828608957	6	17	1	0	0	1	NA	NA
A*02:01_KIFLCNARV	16	TIL	A*02:01	KIFLCNARV	9	156	61.4	NA	3.69	0.555555555555556	0.871566999106697	0	4	11	0	0	0	NA	NA	NA
A*02:01_KLADFGLAC	2	PBMC	A*02:01	KLADFGLAC	9	55	279	1.58359150105	2.18	0.444444444444444	0.078356344737911	4.53E-07	9	9	0	0	0.005	NA	0	0
A*02:01_KLADFGLACA	2	PBMC	A*02:01	KLADFGLACA	10	NA	38.4	1.58359150105	6.18	0.4	0.875918334166426	4.53E-07	9	9	0	0	0	NA	0	0
A*02:01_KLHVSVEAFV	12	TIL	A*02:01	KLHVSVEAFV	10	52	49.5	10.794069	5.86	0.5	0.458358686080519	0	9	9	0	0	0	NA	NA	NA
A*02:01_KLINSQINL	1	PBMC	A*02:01	KLINSQINL	9	29	54.9	38.353932	2.19	0.444444444444444	NA	0	8	2	0	0	0	NA	NA	NA
A*02:01_KLKEHLGFAV	2	PBMC	A*02:01	KLKEHLGFAV	10	NA	28	22.7244660467	3.52	0.4	0.156371196684089	0	8	11	0	0	0	NA	0	0
A*02:01_KLLEGQPVLL	2	PBMC	A*02:01	KLLEGQPVLL	10	NA	28.7	6.4027145	5.8	0.5	NA	4.53E-07	1	2	0	0	0	NA	0	0
A*02:01_KLLNCPCPA	2	PBMC	A*02:01	KLLNCPCPA	9	107	37.8	73.930981	5.27	0.444444444444444	0.323895455696035	0.999999547346727	5	14	0	0	0.0011	NA	0	0
A*02:01_KLLSEFFSC	1	PBMC	A*02:01	KLLSEFFSC	9	1448	104.3	33.176444	2.07	0.555555555555556	0.207606881567344	0	7	9	0	0	0	NA	NA	NA
A*02:01_KLLSEFFSCL	1	PBMC	A*02:01	KLLSEFFSCL	10	7	24.8	33.176444	7.87	0.6	0.579988346066053	0	7	9	0	0	0.003	0	NA	NA
A*02:01_KLLSFHSV	16	TIL	A*02:01	KLLSFHSV	8	372	160	1.28079	20.01	0.5	0.339337413375016	0	8	7	1	1	0.01	NA	NA	NA
A*02:01_KLLSFHSVFT	16	TIL	A*02:01	KLLSFHSVFT	10	40	115.1	1.28079	20.01	0.5	1.15107128983864	0	8	9	0	0	0	NA	NA	NA
A*02:01_KLNPSQNVV	12	TIL	A*02:01	KLNPSQNVV	9	73	183.9	20.52874	3	0.333333333333333	0.085301939135676	0	9	12	0	0	0	NA	NA	NA
A*02:01_KLPYSYNLCV	16	TIL	A*02:01	KLPYSYNLCV	10	10	17	NA	3.38	0.4	0.534836540098766	4.53E-07	1	10	0	0	0	NA	NA	NA
A*02:01_KLSFLVMII	2	PBMC	A*02:01	KLSFLVMII	9	NA	41.4	63.179247	3.25	0.777777777777778	0.464978363801925	0	3	13	0	0	0	NA	0	0
A*02:01_KLVVVGAAGV	16	TIL	A*02:01	KLVVVGAAGV	10	391	205.6	0.717587	2.97	0.5	0.484919263984231	0.007619771094184	8	9	0	0	0	NA	NA	NA
A*02:01_KLYESFYGP	12	TIL	A*02:01	KLYESFYGP	9	473	259	0.661816	0.74	0.222222222222222	0.226044163530848	NA	3	9	0	0	0	NA	NA	NA
A*02:01_KMGKTIYKYV	1	PBMC	A*02:01	KMGKTIYKYV	10	510	35.2	127.1952548	3.15	0.3	0.337340505835197	0	7	13	0	0	0	NA	NA	NA
A*02:01_KMLDGLESL	2	PBMC	A*02:01	KMLDGLESL	9	8	5	NA	5.13	0.444444444444444	NA	0	1	2	0	NA	NA	NA	0	0
A*02:01_KTIQTIVFL	2	PBMC	A*02:01	KTIQTIVFL	9	7	252.7	NA	1.88	0.555555555555556	0.008470788114306	0	1	1	0	0	0	NA	0	0
A*02:01_KTIYKYVHL	1	PBMC	A*02:01	KTIYKYVHL	9	790	3653.9	127.1952548	0.61	0.333333333333333	1.52112734690479	2.05E-13	4	4	0	0	0	NA	NA	NA
A*02:01_KTLGIKLSFL	2	PBMC	A*02:01	KTLGIKLSFL	10	NA	490.5	63.179247	0.82	0.5	2.23474164795137	0	8	7	0	0	0.0011	NA	0	0
A*02:01_KTLMEVMSKI	2	PBMC	A*02:01	KTLMEVMSKI	10	NA	42.8	87.8807668	10.42	0.5	3.29567055060372	NA	8	6	0	0	0	NA	0	0
A*02:01_KVWAVTEEV	2	PBMC	A*02:01	KVWAVTEEV	9	NA	16.8	6.374342	7.91	0.444444444444444	0.973421926910299	0	5	4	0	0	0	NA	0	0
A*02:01_LALPPTVYEV	2	PBMC	A*02:01	LALPPTVYEV	10	NA	41.2	83.895846	11.82	0.4	0.117791116097321	0.999999547320041	10	9	0	0	0	NA	0	0
A*02:01_LIIENRYAV	16	TIL	A*02:01	LIIENRYAV	9	55	36.5	0.848997	4.74	0.444444444444444	0.077537303512665	0	7	10	0	0	0	NA	NA	NA
A*02:01_LLAAGLGRA	12	TIL	A*02:01	LLAAGLGRA	9	52	278	0.1648784	1.74	0.333333333333333	0.010803776457171	0	2	8	0	0	0	NA	NA	NA
A*02:01_LLAARQLL	16	TIL	A*02:01	LLAARQLL	8	8151	6925.1	NA	1.83	0.5	0.041172814336833	NA	2	5	0	0	0	NA	NA	NA
A*02:01_LLAELPASVHV	2	PBMC	A*02:01	LLAELPASVHV	11	NA	100.6	39.493158	5.51	0.454545454545455	0.091417729672439	NA	11	10	0	0	0	NA	0	0
A*02:01_LLAKQLYRV	16	TIL	A*02:01	LLAKQLYRV	9	14	6.8	0.527042684	22.88	0.444444444444444	1.01341281669151	0	5	7	0	0	0	NA	NA	NA
A*02:01_LLAPLIATL	1	PBMC	A*02:01	LLAPLIATL	9	2	7.8	27.58363	7.34	0.555555555555556	0.020714407953752	0.666666666666667	9	13	0	0	0	0	NA	NA
A*02:01_LLDNGTLTI	2	PBMC	A*02:01	LLDNGTLTI	9	NA	30.3	11.4767	3.96	0.444444444444444	2.62626280215307	0	9	11	0	0	0	NA	0	0
A*02:01_LLFGPSCAL	16	TIL	A*02:01	LLFGPSCAL	9	21	40	1.457947	2.43	0.555555555555556	0.710213058927238	5.90E-05	7	14	0	0	0	NA	NA	NA
A*02:01_LLFTDQHGL	2	PBMC	A*02:01	LLFTDQHGL	9	NA	19.9	1.14028114924	2.04	0.444444444444444	0.001585037925434	0	2	7	0	0	0	NA	0	0
A*02:01_LLFTDQHGLV	2	PBMC	A*02:01	LLFTDQHGLV	10	NA	47.1	1.14028114924	2.04	0.5	0.00541164814217	0	2	4	0	0	0	NA	0	0
A*02:01_LLFYGAVIEV	2	PBMC	A*02:01	LLFYGAVIEV	10	NA	13.1	2.657719	11.34	0.6	0.573862951046485	0	3	8	0	0	0	NA	0	0
A*02:01_LLHSGVIGA	2	PBMC	A*02:01	LLHSGVIGA	9	NA	101.8	92.4862	2.07	0.444444444444444	1.19841136373025	4.53E-07	7	13	0	0	0	NA	0	0
A*02:01_LLHSGVIGAV	2	PBMC	A*02:01	LLHSGVIGAV	10	NA	72.5	92.4862	3.45	0.5	1.05655504477174	4.53E-07	7	11	0	0	0	NA	0	0
A*02:01_LLKAGWQNLV	12	TIL	A*02:01	LLKAGWQNLV	10	141	162.8	6.655615	1.31	0.5	1.04226905868059	NA	3	6	0	0	0	NA	NA	NA
A*02:01_LLLLPLSVA	16	TIL	A*02:01	LLLLPLSVA	9	248	194	NA	3.25	0.666666666666667	0.718956255981546	NA	6	7	0	0	0	NA	NA	NA
A*02:01_LLLNGLGLA	12	TIL	A*02:01	LLLNGLGLA	9	2.7	46.4	2.155016	2.35	0.555555555555556	0.130577974100157	0.015125176676631	2	6	0	0	0	NA	NA	NA
A*02:01_LLLPGNNWKV	2	PBMC	A*02:01	LLLPGNNWKV	10	22	20.1	NA	6.46	0.5	0.090033019138463	3.50E-09	8	11	0	0	0	NA	0	0
A*02:01_LLLPLSVARPL	16	TIL	A*02:01	LLLPLSVARPL	11	173	207.8	38.966169	2.36	0.545454545454545	1.04897627109845	NA	5	8	0	0	0	NA	NA	NA
A*02:01_LLLSSLGYL	2	PBMC	A*02:01	LLLSSLGYL	9	14	14.1	34.257324	2.84	0.555555555555556	0.907242932404066	0	5	16	0	0	0	NA	0	0
A*02:01_LLNDASFISV	2	PBMC	A*02:01	LLNDASFISV	10	NA	14.8	35.853181	7.91	0.5	0.905308403180744	0	7	4	0	0	0	NA	0	0
A*02:01_LLPGNNWKV	2	PBMC	A*02:01	LLPGNNWKV	9	94	13.2	NA	5.34	0.444444444444444	0.009780236022778	2.67E-11	7	14	0	0	0	NA	0	0
A*02:01_LLQVCWLQSA	12	TIL	A*02:01	LLQVCWLQSA	10	262	279.1	12.703	1.89	0.6	0.316710483140153	0	9	7	0	0	0	NA	NA	NA
A*02:01_LLRMNQSQFI	12	TIL	A*02:01	LLRMNQSQFI	10	1902	105.8	NA	3	0.5	0.003330338435587	NA	2	7	0	0	0	NA	NA	NA
A*02:01_LLSEFFSCL	1	PBMC	A*02:01	LLSEFFSCL	9	12	13	33.176444	7.87	0.666666666666667	0.98898948728073	0	6	9	0	0	0	0	NA	NA
A*02:01_LLSFHSVFT	16	TIL	A*02:01	LLSFHSVFT	9	413	221.3	1.28079	1.17	0.555555555555556	0.880205151010108	0	7	7	0	0	0	NA	NA	NA
A*02:01_LLSLWVPQV	2	PBMC	A*02:01	LLSLWVPQV	9	NA	8	NA	13.08	0.666666666666667	0.552816531726991	0.007619771094184	6	11	0	0	0	NA	0	0
A*02:01_LLSNELHRL	12	TIL	A*02:01	LLSNELHRL	9	11	57.5	NA	4.39	0.444444444444444	NA	0	NA	NA	0	0	0	NA	NA	NA
A*02:01_LLYDHPLKV	1	PBMC	A*02:01	LLYDHPLKV	9	10	3.9	NA	9.57	0.444444444444444	NA	0.999985261231357	5	1	0	0	0	NA	NA	NA
A*02:01_LMMHSATSA	1	PBMC	A*02:01	LMMHSATSA	9	40	66.1	201.23076	2.4	0.333333333333333	0.011192216327373	0	1	11	0	0	0	0	NA	NA
A*02:01_LMMHSATSAT	1	PBMC	A*02:01	LMMHSATSAT	10	1002	1170.6	201.23076	2.4	0.3	0.055919905580293	NA	1	5	0	0	0	NA	NA	NA
A*02:01_LMMHSATSATV	1	PBMC	A*02:01	LMMHSATSATV	11	10	215.2	201.23076	11.33	0.363636363636364	0.112511642573041	0	1	7	0	0	0	NA	NA	NA
A*02:01_LQDSGLWFPV	1	PBMC	A*02:01	LQDSGLWFPV	10	34	23.1	4.0340368	3.15	0.5	0.003264074351612	0	2	6	0	0	0	NA	NA	NA
A*02:01_LQVCWLQSA	12	TIL	A*02:01	LQVCWLQSA	9	37	268.4	12.703	1.6	0.555555555555556	0.412928276639216	NA	8	8	0	0	0	NA	NA	NA
A*02:01_LVADVLSPV	12	TIL	A*02:01	LVADVLSPV	9	3.9	4.5	NA	17.4	0.555555555555556	0.55331950275925	0	4	11	0	0	0	NA	NA	NA
A*02:01_LVAVFRWAV	2	PBMC	A*02:01	LVAVFRWAV	9	NA	81.9	87.075594	2.44	0.666666666666667	0.027600738265804	0	1	13	0	0	0	NA	0	0
A*02:01_MLFARHLREV	16	TIL	A*02:01	MLFARHLREV	10	3.2	15.6	15.071688	4.87	0.5	0.193231158478461	0	2	11	0	0	0	NA	NA	NA
A*02:01_MLIILAGFL	16	TIL	A*02:01	MLIILAGFL	9	232	151.4	NA	0.52	0.777777777777778	0.570219213655794	0	1	7	0	0	0	NA	NA	NA
A*02:01_MLNPLIYSLRNKV	2	PBMC	A*02:01	MLNPLIYSLRNKV	13	1135	47.1	NA	6.09	0.461538461538462	0.027673325499413	0	13	1	0	NA	NA	NA	0	0
A*02:01_MLNTSVPNYM	12	TIL	A*02:01	MLNTSVPNYM	10	118	201	0.21988	0.93	0.4	0.137022667141667	0	9	11	0	0	0	NA	NA	NA
A*02:01_MLPSNYVEA	16	TIL	A*02:01	MLPSNYVEA	9	36	129.6	4.929364	1.8	0.333333333333333	1.12941371665926	0	4	6	0	0	0	NA	NA	NA
A*02:01_MLPSNYVEAI	16	TIL	A*02:01	MLPSNYVEAI	10	72	94.3	4.929364	3.57	0.4	1.70216606498195	2.42E-17	4	6	0	0	0	NA	NA	NA
A*02:01_MLVSTMPVV	2	PBMC	A*02:01	MLVSTMPVV	9	3	8.2	NA	8.06	0.666666666666667	0.000721837340117	0	2	3	0	0	0	NA	0	0
A*02:01_NILGFTFDI	16	TIL	A*02:01	NILGFTFDI	9	14	55.5	0	1.41	0.555555555555556	0.130089086237154	0.996175543712172	3	7	0	0	0	NA	NA	NA
A*02:01_NLFLFIDKL	16	TIL	A*02:01	NLFLFIDKL	9	2216	101.4	NA	0.96	0.666666666666667	0.07157983905125	0	2	2	0	0	0	NA	NA	NA
A*02:01_NLINEAMDV	16	TIL	A*02:01	NLINEAMDV	9	469	189.3	1.38417	1.37	0.444444444444444	0.073969401505738	0	1	13	0	0	0	NA	NA	NA
A*02:01_NSLLLLPLSV	16	TIL	A*02:01	NSLLLLPLSV	10	814	79.6	38.966169	2.14	0.6	0.865242122228134	0	8	8	0	0	0	NA	NA	NA
A*02:01_QLFMATYEI	16	TIL	A*02:01	QLFMATYEI	9	772	12.5	NA	4.83	0.444444444444444	0.000613735510566	0	5	4	0	0	0	NA	NA	NA
A*02:01_QLLKFIPSL	2	PBMC	A*02:01	QLLKFIPSL	9	7	10.6	19.6883604	6.12	0.555555555555556	0.828594967572526	0	8	6	0	NA	NA	NA	0	0
A*02:01_QLSSVRCYV	16	TIL	A*02:01	QLSSVRCYV	9	126	49.9	2.407851	3.75	0.444444444444444	0.482209312274538	0	5	13	0	0	0	NA	NA	NA
A*02:01_QLVMVLVGGL	2	PBMC	A*02:01	QLVMVLVGGL	10	566	606.5	59.61459	0.55	0.7	0.043131111519847	0.015124298495869	2	6	0	0	0	NA	0	0
A*02:01_RLCLYCGYPV	12	TIL	A*02:01	RLCLYCGYPV	10	0.23	28.4	NA	10.82	0.5	0.004686004686005	0	10	2	0	0	0	NA	NA	NA
A*02:01_RLDGFFKNAV	2	PBMC	A*02:01	RLDGFFKNAV	10	NA	57.8	100.019878	4.73	0.4	0.40605753362002	0	5	13	0	0	0	NA	0	0
A*02:01_RLIGLMMTA	16	TIL	A*02:01	RLIGLMMTA	9	33	17.3	0.285446	8.33	0.555555555555556	0.15000288626348	0	2	5	0	0	0	NA	NA	NA
A*02:01_RLLRGYDQV	1	PBMC	A*02:01	RLLRGYDQV	9	689	41.5	NA	3.55	0.333333333333333	0.006813107433675	0	9	1	0	0	0.007	NA	NA	NA
A*02:01_RLLRPIYDYL	16	TIL	A*02:01	RLLRPIYDYL	10	34	40	3.794759	2.29	0.4	0.026331621576689	3.48E-09	2	15	0	0	0	NA	NA	NA
A*02:01_RLLRPIYV	16	TIL	A*02:01	RLLRPIYV	8	10468	595.1	3.794759	8.53	0.5	0.008652710393264	0	2	2	0	0	0	NA	NA	NA
A*02:01_RLMDSAQVA	2	PBMC	A*02:01	RLMDSAQVA	9	54	92.4	16.717	18.01	0.333333333333333	0.009639754600861	0	2	12	0	NA	NA	NA	0	0
A*02:01_RLMGINSTA	12	TIL	A*02:01	RLMGINSTA	9	22	63	12.1053	9.22	0.333333333333333	0.885499712894558	0	5	9	0	0	0	NA	NA	NA
A*02:01_RLMGINSTAA	12	TIL	A*02:01	RLMGINSTAA	10	114	211.7	12.1053	9.22	0.3	0.835236834841862	9.05E-07	5	5	0	0	0	NA	NA	NA
A*02:01_RLPGLILYTL	12	TIL	A*02:01	RLPGLILYTL	10	32	67.1	23.96313	5.03	0.5	0.046584866921693	3.48E-09	10	10	0	0	0	NA	NA	NA
A*02:01_RLSEVMARM	1	PBMC	A*02:01	RLSEVMARM	9	18	59.5	22.350494	3.27	0.444444444444444	0.529059218221617	0	5	10	0	0	0	0	NA	NA
A*02:01_RLVLQLLEL	12	TIL	A*02:01	RLVLQLLEL	9	28	100.1	0.116524298041071	2.02	0.666666666666667	0.48852822991131	0	3	10	0	0	0	NA	NA	NA
A*02:01_RMGQTVIAV	16	TIL	A*02:01	RMGQTVIAV	9	14	41.5	7.960387	6.5	0.444444444444444	0.156691684793169	0	7	17	0	0	0	NA	NA	NA
A*02:01_RSFSEVFLV	2	PBMC	A*02:01	RSFSEVFLV	9	34	49.8	6.8626995	2.12	0.555555555555556	0.107073153839853	0	3	10	0	0	0	NA	0	0
A*02:01_RTADWHLYL	16	TIL	A*02:01	RTADWHLYL	9	NA	62.5	4.3956955	1.58	0.333333333333333	0.254761184846081	0	6	11	0	0	NA	NA	NA	NA
A*02:01_RVYDALNLL	1	PBMC	A*02:01	RVYDALNLL	9	85	79.6	97.944239	1.89	0.444444444444444	0.29387170577092	0	8	12	1	0	0	1	NA	NA
A*02:01_SEQMDVAFQV	1	PBMC	A*02:01	SEQMDVAFQV	10	6550	19.4	9.8452631	2.1	0.4	0.014860911893941	NA	1	4	0	0	0.033	NA	NA	NA
A*02:01_SLCKSILLFL	16	TIL	A*02:01	SLCKSILLFL	10	784	57.2	NA	2.98	0.7	0.304579546380851	0	6	3	0	0	0	NA	NA	NA
A*02:01_SLCLYVVVGV	1	PBMC	A*02:01	SLCLYVVVGV	10	453	34.1	19.1521200004	5.95	0.7	0.06281653513133	0.500014738553083	1	8	0	0	0	NA	NA	NA
A*02:01_SLHDLTDGV	1	PBMC	A*02:01	SLHDLTDGV	9	13	21.4	13.5016746	2.36	0.333333333333333	0.350549660213137	0	4	12	0	0	0	NA	NA	NA
A*02:01_SLHPSAPFL	16	TIL	A*02:01	SLHPSAPFL	9	56	46	3.489844	1.88	0.333333333333333	3.60383594580056	0.999999547320041	3	14	0	0	0	NA	NA	NA
A*02:01_SLINSTVIV	2	PBMC	A*02:01	SLINSTVIV	9	NA	37.3	33.674309	5.68	0.555555555555556	0.582769182054795	0	5	15	0	0	0	NA	0	0
A*02:01_SLLAARQLL	16	TIL	A*02:01	SLLAARQLL	9	176	200.5	NA	1.36	0.444444444444444	0.069063087039633	0	3	13	0	0	0	NA	NA	NA
A*02:01_SLLLLPLSV	16	TIL	A*02:01	SLLLLPLSV	9	7.9	14.6	38.966169	2.14	0.666666666666667	1.1127464802229	0	7	15	0	0	0	NA	NA	NA
A*02:01_SLLLLPLSVA	16	TIL	A*02:01	SLLLLPLSVA	10	71	175.8	38.966169	2.14	0.6	0.762504561962312	0	7	9	0	0	0	NA	NA	NA
A*02:01_SLSEARQDV	2	PBMC	A*02:01	SLSEARQDV	9	630	642.7	159.599022	1.04	0.222222222222222	0.019349465961236	NA	2	8	0	0	0	NA	0	0
A*02:01_SLSSDFNPL	16	TIL	A*02:01	SLSSDFNPL	9	49	36.2	NA	1.23	0.333333333333333	0.752205547853955	0	7	8	0	0	0.014	NA	NA	NA
A*02:01_SLSSDFNPLV	16	TIL	A*02:01	SLSSDFNPLV	10	51	17.5	NA	4.59	0.4	0.73897760279956	0	7	10	0	0	0	NA	NA	NA
A*02:01_SLYELEKEFL	12	TIL	A*02:01	SLYELEKEFL	10	99	34.3	NA	1.48	0.4	0.098752279489394	3.48E-09	2	4	0	0	0	NA	NA	NA
A*02:01_SLYLNTTVL	2	PBMC	A*02:01	SLYLNTTVL	9	NA	349.9	NA	6.21	0.444444444444444	0.011141188526402	5.90E-05	2	11	0	0	0	NA	0	0
A*02:01_SMLFARHLREV	16	TIL	A*02:01	SMLFARHLREV	11	99	243.7	15.071688	4.87	0.454545454545455	0.112561230251276	0	3	5	0	0	0	NA	NA	NA
A*02:01_SQPPAGSEV	16	TIL	A*02:01	SQPPAGSEV	9	176	5491.7	NA	0.44	0.111111111111111	NA	0.992380228905816	2	3	0	0	0	NA	NA	NA
A*02:01_SQYEYTVLLSV	16	TIL	A*02:01	SQYEYTVLLSV	11	22	147.6	NA	4.83	0.363636363636364	0.012867791290702	0.992380228905816	11	2	0	0	0	NA	NA	NA
A*02:01_SVLSALFSI	16	TIL	A*02:01	SVLSALFSI	9	8.3	14.5	8.19211	2.89	0.555555555555556	0.751484674527556	0	4	16	0	0	0	NA	NA	NA
A*02:01_TIITQLSSV	16	TIL	A*02:01	TIITQLSSV	9	99	63.3	2.407851	1.94	0.444444444444444	0.009784458114531	0	9	10	0	0	0	NA	NA	NA
A*02:01_TLAECGGHVEL	12	TIL	A*02:01	TLAECGGHVEL	11	8	1380.5	8.372262	1.22	0.363636363636364	0.412394755183132	NA	4	5	0	0	0	NA	NA	NA
A*02:01_TLFHDLWKL	2	PBMC	A*02:01	TLFHDLWKL	9	12	6.3	32.531078	3.64	0.555555555555556	0.381557792128657	0.992380228905816	6	13	0	0	0	NA	0	0
A*02:01_TLGIKLSFLV	2	PBMC	A*02:01	TLGIKLSFLV	10	NA	43.9	63.179247	1.41	0.6	1.09577021083717	0	7	10	0	0	0	NA	0	0
A*02:01_TLMEVMSKI	2	PBMC	A*02:01	TLMEVMSKI	9	NA	11.9	87.8807668	10.42	0.555555555555556	2.41240458154138	0	7	13	0	0	0	NA	0	0
A*02:01_TLYLRNNQLV	16	TIL	A*02:01	TLYLRNNQLV	10	1380	857	NA	1.9	0.4	NA	0	NA	NA	0	0	0	NA	NA	NA
A*02:01_TMMCVSRNEL	16	TIL	A*02:01	TMMCVSRNEL	10	2055	112	2.411295	0.97	0.5	0.6309434582695	0	4	5	0	0	0	NA	NA	NA
A*02:01_TVWDFTLEL	12	TIL	A*02:01	TVWDFTLEL	9	1.6	14.2	NA	2.42	0.555555555555556	NA	0	3	1	0	0	0	NA	NA	NA
A*02:01_VLASLCLYV	1	PBMC	A*02:01	VLASLCLYV	9	14	5.5	19.1521200004	21.84	0.666666666666667	1.11986014603281	0.992380228905816	4	12	0	0	0	0	NA	NA
A*02:01_VLASLCLYVV	1	PBMC	A*02:01	VLASLCLYVV	10	40	15	19.1521200004	21.84	0.7	1.18124844594647	0.999941047525622	4	8	0	0	0	0	NA	NA
A*02:01_VLFDRLSKL	12	TIL	A*02:01	VLFDRLSKL	9	9.4	18	5.770895	4.02	0.555555555555556	2.01245351100365	0.000117897998786	5	15	0	0	0	NA	NA	NA
A*02:01_VLFDRLSKLA	12	TIL	A*02:01	VLFDRLSKLA	10	14	102.2	5.770895	4.02	0.5	2.80117520071184	0.000117897998786	5	6	0	0	0	NA	NA	NA
A*02:01_VLFSNESSL	2	PBMC	A*02:01	VLFSNESSL	9	NA	252.2	13.184113	1.39	0.444444444444444	0.23278610779631	0	3	13	0	0	0	NA	0	0
A*02:01_VLLKAGWQNL	12	TIL	A*02:01	VLLKAGWQNL	10	400	232.1	6.655615	1.42	0.5	6.804445603696	0	4	6	0	0	0.046	NA	NA	NA
A*02:01_VLLKAGWQNL	12	PBMC	A*02:01	VLLKAGWQNL	10	400	232.1	6.655615	1.42	0.5	6.804445603696	0	4	6	0	0	0.046	NA	NA	NA
A*02:01_VLLSVLIILL	16	TIL	A*02:01	VLLSVLIILL	10	3564	50.9	NA	5.46	0.9	1.46264367816092	0	5	2	0	0	0	NA	NA	NA
A*02:01_VLMMHSATSA	1	PBMC	A*02:01	VLMMHSATSA	10	1414	559.7	201.23076	2.4	0.4	0.218577052137505	0	2	6	0	0	0.01	NA	NA	NA
A*02:01_VLNFYTTFV	2	PBMC	A*02:01	VLNFYTTFV	9	0	5.2	NA	9.83	0.555555555555556	0.551846414634771	0	5	10	0	0	0	NA	0	0
A*02:01_VLSALFSIT	16	TIL	A*02:01	VLSALFSIT	9	19402	625.1	NA	4.2	0.555555555555556	0.325201277024226	NA	3	5	0	0	0	NA	NA	NA
A*02:01_VLVADVLSPV	12	TIL	A*02:01	VLVADVLSPV	10	1.9	7.1	NA	10.56	0.6	0.44207650273224	0	5	7	0	0	0	NA	NA	NA
A*02:01_VLWISAFMV	2	PBMC	A*02:01	VLWISAFMV	9	NA	14.8	33.19209	4.94	0.777777777777778	0.422053226599664	2.05E-13	5	15	0	0	0	NA	0	0
A*02:01_VSVLSALFSI	16	TIL	A*02:01	VSVLSALFSI	10	1880	219.9	NA	2.89	0.6	0.820854727691062	0	5	8	0	0	0	NA	NA	NA
A*02:01_WLVDFFSPWC	16	TIL	A*02:01	WLVDFFSPWC	10	17052	429.8	25.950686	1.04	0.7	0.921252217819667	NA	7	7	0	0	0	NA	NA	NA
A*02:01_WQLDALDFLV	12	TIL	A*02:01	WQLDALDFLV	10	2.4	11.1	NA	2.63	0.6	0.568697909785924	2.05E-13	1	7	0	0	0	NA	NA	NA
A*02:01_YAVQDFLHEI	16	TIL	A*02:01	YAVQDFLHEI	10	1165	159.9	NA	5.7	0.4	0.172317816201535	0	1	6	0	0	0	NA	NA	NA
A*02:01_YILDRESPL	2	PBMC	A*02:01	YILDRESPL	9	NA	61	4.415092	1.54	0.333333333333333	0.429650192749269	2.67E-11	4	7	0	0	0	NA	0	0
A*02:01_YITKRIIAV	2	PBMC	A*02:01	YITKRIIAV	9	42	47.7	116.406105	3.63	0.444444444444444	5.19962600955201	0	4	12	0	0	0	NA	0	0
A*02:01_YIYNPSLAL	12	TIL	A*02:01	YIYNPSLAL	9	101	38.3	1.738272	1.5	0.333333333333333	0.284014861511732	5.90E-05	3	12	0	0	0	NA	NA	NA
A*02:01_YLALPPTVYEV	2	PBMC	A*02:01	YLALPPTVYEV	11	6	14.1	83.895846	6.55	0.363636363636364	0.125380991872191	0.999999547320041	11	9	0	0	0	NA	0	0
A*02:01_YLAVDALEL	2	PBMC	A*02:01	YLAVDALEL	9	20	14.1	38.239353	2.25	0.444444444444444	1.92427894332946	0	4	7	0	0	0	NA	0	0
A*02:01_YLDVFVHAI	12	TIL	A*02:01	YLDVFVHAI	9	8.7	3.8	NA	16.42	0.555555555555556	0.863636363636364	3.48E-09	4	1	0	0	0	NA	NA	NA
A*02:01_YLFIKDNEI	1	PBMC	A*02:01	YLFIKDNEI	9	22	15.2	7.1183048731	1.63	0.444444444444444	0.904761904761905	0	5	6	0	0	0	NA	NA	NA
A*02:01_YLIIENRYA	16	TIL	A*02:01	YLIIENRYA	9	142	199.9	0.848997	1.89	0.333333333333333	0.114841429970857	0	8	8	0	0	0	NA	NA	NA
A*02:01_YLIIENRYAV	16	TIL	A*02:01	YLIIENRYAV	10	38	12.2	0.848997	5.42	0.4	0.140384751655894	0	8	11	0	0	0	NA	NA	NA
A*02:01_YLLIHGTAV	2	PBMC	A*02:01	YLLIHGTAV	9	11	14.6	4.9234642	5.6	0.444444444444444	0.001389627048549	4.53E-07	9	11	0	NA	NA	NA	0	0
A*02:01_YLLNDASPI	2	PBMC	A*02:01	YLLNDASPI	9	NA	5.1	35.853181	7.65	0.333333333333333	0.548704153034955	0	8	6	0	0	0	NA	0	0
A*02:01_YLLQKLSCL	2	PBMC	A*02:01	YLLQKLSCL	9	23	12.3	2.6887701	8.55	0.555555555555556	0.962723418689104	0.999999849106635	4	9	0	0	0	NA	0	0
A*02:01_YLLRHANIFTHQL	1	PBMC	A*02:01	YLLRHANIFTHQL	13	40	80.5	NA	1.69	0.384615384615385	0.003620467107719	0.996190114452908	2	1	0	0	0.003	0	NA	NA
A*02:01_YLNEAVFNF	16	TIL	A*02:01	YLNEAVFNF	9	3.5	29.4	4.759149	3.68	0.444444444444444	0.220559876878325	0	6	6	0	0	0	NA	NA	NA
A*02:01_YLNEAVFNFV	16	TIL	A*02:01	YLNEAVFNFV	10	8.4	3.5	NA	20.22	0.5	0.714285714285714	0	6	3	1	1	0.19	NA	NA	NA
A*02:01_YLVVADVCPKV	1	PBMC	A*02:01	YLVVADVCPKV	11	57	48.9	NA	6.62	0.545454545454545	0.003235111211083	3.48E-09	11	1	0	0	0	NA	NA	NA
A*02:01_YLYHRVDVI	1	PBMC	A*02:01	YLYHRVDVI	9	15	16.4	85.7972660006	6.46	0.444444444444444	0.005610301202644	0	1	14	1	1	0.0585	1	NA	NA
A*02:01_YLYVYKIV	16	TIL	A*02:01	YLYVYKIV	8	1969	597.8	8.854365	5.19	0.5	0.380652002501427	0	7	4	0	0	0	NA	NA	NA
A*02:01_YLYVYKIVSQ	16	TIL	A*02:01	YLYVYKIVSQ	10	10275	6283.9	8.854365	5.19	0.4	0.308543258505262	NA	7	5	0	0	0	NA	NA	NA
A*02:01_YLYVYKIVSQL	16	TIL	A*02:01	YLYVYKIVSQL	11	1002	303.2	8.854365	4.55	0.454545454545455	0.896510940272028	0	7	8	0	0	0	NA	NA	NA
A*02:01_YMPGVGDFA	2	PBMC	A*02:01	YMPGVGDFA	9	NA	129.1	11.3829	0.92	0.333333333333333	0.056097308176549	0	1	10	0	0	0	NA	0	0
A*02:01_YMPGVGDFAV	2	PBMC	A*02:01	YMPGVGDFAV	10	15	18	11.3829	3.49	0.4	0.073781801389047	0	1	11	0	0	0	NA	0	0
A*02:01_YMWRWKQFL	12	TIL	A*02:01	YMWRWKQFL	9	22	3.4	NA	6.03	0.555555555555556	0.104551784796497	0.999999547320041	2	7	0	0	0	NA	NA	NA
A*02:01_YQANVVWKV	12	TIL	A*02:01	YQANVVWKV	9	7	4.1	NA	27.13	0.444444444444444	8.51E-05	0.015124298495869	1	5	1	1	0.152	NA	NA	NA
A*02:01_YQSPDLSKV	12	TIL	A*02:01	YQSPDLSKV	9	22	81.9	5.85313	4.37	0.222222222222222	14.962648479997	0	2	8	0	0	0	NA	NA	NA
A*02:01_YVQCFLAFT	12	TIL	A*02:01	YVQCFLAFT	9	97	186	0.655221	1.1	0.555555555555556	0.57834013436787	5.90E-05	5	9	0	0	0	NA	NA	NA
A*02:01_YVYKIVSQL	16	TIL	A*02:01	YVYKIVSQL	9	311	132.4	8.854365	2.6	0.444444444444444	0.825963752408114	0	5	14	0	0	0	NA	NA	NA
A*03:01_ADVLSPVLVK	12	TIL	A*03:01	ADVLSPVLVK	10	3954	45	NA	3.02	0.5	1	NA	2	6	0	0	0	NA	NA	NA
A*03:01_AINRPTVLK	3	PBMC	A*03:01	AINRPTVLK	9	NA	17.5	2.65461	5.14	0.333333333333333	2.67792685033485	0	3	8	1	1	0.33	NA	1	0.028
A*03:01_ALLPPPPLAK	3	PBMC	A*03:01	ALLPPPPLAK	10	23	25	26.19883	5.11	0.3	0.182496723696993	0.5	3	11	0	0	0	0	0	0
A*03:01_ALYFNSQWK	12	TIL	A*03:01	ALYFNSQWK	9	12	21.9	NA	4.14	0.333333333333333	0.725591878764603	0	6	10	1	1	0.24	NA	NA	NA
A*03:01_ALYKVEINK	3	PBMC	A*03:01	ALYKVEINK	9	NA	20.1	2.451326	9.59	0.333333333333333	0.002161775154514	1.57E-15	9	11	0	0	0	NA	0	0
A*03:01_ASFFGVHSK	3	PBMC	A*03:01	ASFFGVHSK	9	NA	20.9	460.078564	1.82	0.333333333333333	1.10723152183187	0	8	10	0	0	0	NA	0	0
A*03:01_ATNYIYVLNK	3	PBMC	A*03:01	ATNYIYVLNK	10	NA	22.7	177.825831	5.13	0.3	0.003219413046522	0	10	11	0	0	0	NA	0	0
A*03:01_ATRRPVWKLVK	12	TIL	A*03:01	ATRRPVWKLVK	11	31	404.2	9.659287	2.1	0.363636363636364	0.006481105955339	0	1	5	0	0	0	NA	NA	NA
A*03:01_ATRYNYTSEK	3	PBMC	A*03:01	ATRYNYTSEK	10	14	16.7	36.6277262	1.89	0	0.002436715478776	0	10	10	1	0	0	1	0	0
A*03:01_ATYKGVPYEVK	3	PBMC	A*03:01	ATYKGVPYEVK	11	5	48.6	44.59235	4.48	0.181818181818182	0.762838237469102	9.05E-07	8	10	1	1	0.52	1	1	0.109
A*03:01_AVRVLFPGIK	3	PBMC	A*03:01	AVRVLFPGIK	10	636	147.3	12.73401	2.48	0.5	0.027062295697896	0.992380228905816	10	9	0	0	0	NA	0	0
A*03:01_CRLFPYALHK	3	PBMC	A*03:01	CRLFPYALHK	10	974	7.7	NA	42.15	0.4	0.373324643013936	NA	4	8	0	0	0	NA	0	0
A*03:01_CVIDAAVLLK	12	TIL	A*03:01	CVIDAAVLLK	10	1789	115	9.9834225	0.95	0.6	0.099467951917655	1.57E-15	10	10	0	0	0	NA	NA	NA
A*03:01_FIYLFVTETK	12	TIL	A*03:01	FIYLFVTETK	10	1944	107.5	0.319773	0.77	0.5	0.756572461437722	0	7	11	0	0	0	NA	NA	NA
A*03:01_GIKAHPVLK	3	PBMC	A*03:01	GIKAHPVLK	9	59	47.2	12.73401	2.31	0.333333333333333	0.270017016379183	0	3	13	0	0	0	NA	0	0
A*03:01_GLLAAGLGR	12	TIL	A*03:01	GLLAAGLGR	9	1082	678.7	0.1648784	1.23	0.333333333333333	1.03493873134801	0	3	7	0	0	0	NA	NA	NA
A*03:01_GLSFHLQSSK	3	PBMC	A*03:01	GLSFHLQSSK	10	31	29.9	2.37595068682	1.82	0.3	0.609826740292459	0	4	9	0	0	0	NA	0	0
A*03:01_GMLNTSVPNY	12	TIL	A*03:01	GMLNTSVPNY	10	15852	297.5	0.21988	0.23	0.3	0.009751555168206	0	10	7	0	0	0	NA	NA	NA
A*03:01_GVYTKEFLY	3	PBMC	A*03:01	GVYTKEFLY	9	4804	159.9	0.2118386	0.4	0.333333333333333	0.560785062812651	0	7	6	0	0	0	NA	0	0
A*03:01_HLFDIQGLPK	3	PBMC	A*03:01	HLFDIQGLPK	10	NA	16.7	17.712298269	3.6	0.4	0.351232197075573	0	3	9	1	0	0	1	0	0
A*03:01_ILFRTPSVAK	3	PBMC	A*03:01	ILFRTPSVAK	10	0	10.5	32.7431059	3.8	0.4	0.500936986767489	0	3	10	1	0	0	1	0	0
A*03:01_ILGYWIRTSK	3	PBMC	A*03:01	ILGYWIRTSK	10	NA	13.8	38.365169	0.86	0.4	1.1011672247288	0.999999999999795	3	9	0	0	0	NA	0	0
A*03:01_ILYTLRMIMAK	12	TIL	A*03:01	ILYTLRMIMAK	11	0.43	24.9	23.96313	5.74	0.545454545454545	1.41649461258479	0	5	8	0	0	0	NA	NA	NA
A*03:01_ITGALVLFMK	12	TIL	A*03:01	ITGALVLFMK	10	963	54.6	1.229539	0.89	0.6	0.003204225020819	0	10	6	0	0	0	NA	NA	NA
A*03:01_KAPVGHFYK	3	PBMC	A*03:01	KAPVGHFYK	9	218	414.5	366.314028	0.52	0.222222222222222	0.016334419735333	0	9	11	0	0	0	0	0	0
A*03:01_KEAADPLAFK	3	PBMC	A*03:01	KEAADPLAFK	10	2060	75.9	NA	0.66	0.2	0.48068397720076	NA	9	1	0	0	0	NA	0	0
A*03:01_KINRALTAAK	3	PBMC	A*03:01	KINRALTAAK	10	47	22.4	NA	12.12	0.2	0.802867383512545	0	7	1	0	0	0	0	0	0
A*03:01_KIVEMSTSK	3	PBMC	A*03:01	KIVEMSTSK	9	122	61.2	NA	3.9	0.333333333333333	0.931506849315068	0	7	1	1	0	0	1	0	0
A*03:01_KIYTGEKPYK	3	PBMC	A*03:01	KIYTGEKPYK	10	30	14.1	11.13847	6.71	0.1	0.218105534965138	1.36E-06	3	7	1	0	0	1	0	0
A*03:01_KLHVASLSFR	3	PBMC	A*03:01	KLHVASLSFR	10	39	58.3	338.8826	2.97	0.4	0.009708223893412	6.95E-09	2	11	0	0	0	0	0	0
A*03:01_KLRDEISLAK	3	PBMC	A*03:01	KLRDEISLAK	10	NA	18.7	41.438896	13.5	0.3	0.670289067012652	9.05E-07	7	10	1	0	0	1	0	0
A*03:01_KLYESFYGPEK	12	TIL	A*03:01	KLYESFYGPEK	11	68	44.2	0.661816	23.09	0.181818181818182	0.18218804585503	0	3	10	0	0	0	NA	NA	NA
A*03:01_KLYKCKVCDK	3	PBMC	A*03:01	KLYKCKVCDK	10	NA	19.3	23.6139971626	11.54	0.4	0.044635223913788	0	2	9	0	0	0	NA	0	0
A*03:01_KMFCAGYPK	3	PBMC	A*03:01	KMFCAGYPK	9	8	12.1	NA	16.71	0.333333333333333	0.003483850351199	0	9	11	0	0	0	0	0	0
A*03:01_KSATRRPVWK	12	TIL	A*03:01	KSATRRPVWK	10	81	61.3	9.659287	1.32	0.2	0.002521351654687	0	2	4	0	0	0	NA	NA	NA
A*03:01_KTYACQQCGK	3	PBMC	A*03:01	KTYACQQCGK	10	NA	18.7	NA	25.57	0.2	0.017266216749619	5.90E-05	2	8	0	0	0	NA	0	0
A*03:01_KVYDIAFSR	3	PBMC	A*03:01	KVYDIAFSR	9	3	81.3	69.009947	3.1	0.333333333333333	0.032190726736352	0	1	11	0	0	0	0	0	0
A*03:01_LLFGVSALGK	3	PBMC	A*03:01	LLFGVSALGK	10	NA	11.8	1.8084095	4.24	0.5	0.361224255372967	0	2	6	0	0	0	NA	0	0
A*03:01_LLFKAGEMRK	3	PBMC	A*03:01	LLFKAGEMRK	10	NA	12.9	15.4156644	2.93	0.4	0.713253677119032	0	4	5	0	0	0	0	0	0
A*03:01_LLPPPPLAK	3	PBMC	A*03:01	LLPPPPLAK	9	NA	127.4	26.19883	0.6	0.333333333333333	0.015826618616792	0.5	2	13	0	0	0	NA	0	0
A*03:01_LVYQFKDMLK	3	PBMC	A*03:01	LVYQFKDMLK	10	NA	13.2	31.596607	2.12	0.5	0.764526113342056	0.999941047525419	9	9	0	0	0	NA	0	0
A*03:01_MFYAVRWGRK	12	TIL	A*03:01	MFYAVRWGRK	10	77	124.8	NA	0.28	0.4	0.618527171100997	0	7	9	0	0	0	NA	NA	NA
A*03:01_MLNTSVPNY	12	TIL	A*03:01	MLNTSVPNY	9	924	172.9	0.21988	0.23	0.333333333333333	0.099454922881867	0	9	10	0	0	0	NA	NA	NA
A*03:01_MLNTSVPNY	12	PBMC	A*03:01	MLNTSVPNY	9	924	172.9	0.21988	0.23	0.333333333333333	0.099454922881867	0	9	10	0	0	0	NA	NA	NA
A*03:01_RIALWPLAY	12	TIL	A*03:01	RIALWPLAY	9	11	60	NA	0.42	0.444444444444444	NA	0	6	1	0	0	0	NA	NA	NA
A*03:01_RIHTSVKLY	12	TIL	A*03:01	RIHTSVKLY	9	9126	194.7	3.863874	0.35	0.333333333333333	0.142880689038381	NA	6	12	0	0	0	NA	NA	NA
A*03:01_RIPRTVGQK	3	PBMC	A*03:01	RIPRTVGQK	9	NA	84.8	223.103951	0.85	0.222222222222222	0.005438748011851	2.67E-11	9	13	0	0	0	NA	0	0
A*03:01_RIYGFSFPDPK	3	PBMC	A*03:01	RIYGFSFPDPK	11	NA	22.1	93.573704	11.13	0.272727272727273	0.562450820613272	0.999999996524198	5	9	0	0	0	NA	0	0
A*03:01_RKSNRVKTCK	3	PBMC	A*03:01	RKSNRVKTCK	10	5173	1145	NA	3.92	0.2	NA	NA	5	1	0	0	0	NA	0	0
A*03:01_RLFPYALHK	3	PBMC	A*03:01	RLFPYALHK	9	15	3.5	NA	42.15	0.333333333333333	0.583839837420765	0	3	14	1	0	0	1	0	0
A*03:01_RLFPYALHKW	3	PBMC	A*03:01	RLFPYALHKW	10	NA	15.8	NA	42.15	0.4	0.258763155355972	NA	3	6	0	0	0	NA	0	0
A*03:01_RLFSALNSHK	3	PBMC	A*03:01	RLFSALNSHK	10	1	7.8	12.0172694	25.94	0.3	0.543715652833049	0	3	4	0	0	0	0	0	0
A*03:01_RMFLRFQKK	3	PBMC	A*03:01	RMFLRFQKK	9	NA	6.9	0.0340449	5.3	0.444444444444444	0.00334557065711	0	9	5	0	0	0	0	0	0
A*03:01_RTGKGQPCNK	12	TIL	A*03:01	RTGKGQPCNK	10	275	291.3	21.707309	2.86	0.1	1.16859315081443	0	8	13	0	0	0	NA	NA	NA
A*03:01_RTKYDFTWFK	3	PBMC	A*03:01	RTKYDFTWFK	10	NA	13.3	49.9568300023	5.24	0.3	0.53403892772478	3.48E-09	4	10	0	0	0	NA	0	0
A*03:01_RTREFTAKK	3	PBMC	A*03:01	RTREFTAKK	9	36	35.7	NA	12.4	0.111111111111111	0.602166481144836	0	5	16	1	1	0.175	0	0	0
A*03:01_RTREFTAKKIK	3	PBMC	A*03:01	RTREFTAKKIK	11	NA	393.3	NA	12.4	0.181818181818182	0.546384760404436	0	5	8	0	0	0	NA	0	0
A*03:01_RVDFSATWYK	3	PBMC	A*03:01	RVDFSATWYK	10	9	11.4	34.514888	3.66	0.3	1.03957495096172	0	5	8	0	0	0	0	0	0
A*03:01_RVLFPGIK	3	PBMC	A*03:01	RVLFPGIK	8	NA	399.5	12.73401	2.48	0.5	0.034556208340111	0.992380228905816	8	5	0	0	0	NA	0	0
A*03:01_RVWDVSGLRK	3	PBMC	A*03:01	RVWDVSGLRK	10	NA	22.4	NA	10.04	0.4	1.05660377358491	0.999999547320041	5	1	0	0	0	0	0	0
A*03:01_SLHAHGLSYK	3	PBMC	A*03:01	SLHAHGLSYK	10	NA	8.3	0.31329886493	7.27	0.2	0.008127308304001	4.53E-07	10	7	0	0	0	0	0	0
A*03:01_SLKTNQTLQLK	3	PBMC	A*03:01	SLKTNQTLQLK	11	539	398.8	17.697872	18.67	0.272727272727273	0.125407452525851	0	2	5	0	0	0	NA	0	0
A*03:01_SLSNFPQLK	3	PBMC	A*03:01	SLSNFPQLK	9	40	14.8	5.3856362	3.48	0.333333333333333	0.414953887701488	0	5	8	0	0	0	NA	0	0
A*03:01_STLFRVVVAK	12	TIL	A*03:01	STLFRVVVAK	10	31	30.9	9.659287	3.63	0.5	0.000671530880981	0	1	4	0	0	0	NA	NA	NA
A*03:01_SVEAFVCHRK	12	TIL	A*03:01	SVEAFVCHRK	10	5905	158.8	10.794069	0.79	0.4	0.490321036423667	0	5	8	0	0	0	NA	NA	NA
A*03:01_SVFTSVRRK	12	TIL	A*03:01	SVFTSVRRK	9	1.3	28.3	4.335116	2.2	0.333333333333333	0.640780766077393	0	5	5	0	0	0	NA	NA	NA
A*03:01_TLFRVVVAK	12	TIL	A*03:01	TLFRVVVAK	9	0.82	28.5	9.659287	3.63	0.555555555555556	0.000700639075007	0	1	5	0	0	0	NA	NA	NA
A*03:01_TLWEQFLEK	3	PBMC	A*03:01	TLWEQFLEK	9	65	55.6	25.22997	1.57	0.444444444444444	0.011216440132608	0	2	14	0	0	0	0	0	0
A*03:01_TSARTENFK	12	TIL	A*03:01	TSARTENFK	9	740	869.5	0.781098	0.52	0.111111111111111	0.163232036154289	NA	8	8	0	0	0	NA	NA	NA
A*03:01_VIDAAVLLK	12	TIL	A*03:01	VIDAAVLLK	9	77	103.4	9.9834225	1.37	0.555555555555556	0.066283339818936	0	9	13	0	0	0	NA	NA	NA
A*03:01_VLFDRLSK	12	TIL	A*03:01	VLFDRLSK	8	901	82.7	5.770895	6.59	0.5	0.595331018203609	0	5	7	0	0	0	NA	NA	NA
A*03:01_VLFDRLSK	12	PBMC	A*03:01	VLFDRLSK	8	901	82.7	5.770895	6.59	0.5	0.595331018203609	0	5	7	0	0	0	NA	NA	NA
A*03:01_YLWAAQAEK	3	PBMC	A*03:01	YLWAAQAEK	9	NA	77.9	1.8103987	1.78	0.222222222222222	0.007356028767866	0	9	11	0	0	0	NA	0	0
A*03:01_YLYCYGYWKK	3	PBMC	A*03:01	YLYCYGYWKK	10	NA	46	35.977243	1.6	0.3	0.011162406958607	0	2	12	0	0	0	NA	0	0
A*11:01_FTANPPSQTK	16	TIL	A*11:01	FTANPPSQTK	10	587	115.3	NA	3.79	0.1	1.16973700591486	0	1	11	0	0	0	NA	NA	NA
A*11:01_GAFMRPITLK	16	TIL	A*11:01	GAFMRPITLK	10	6.7	19.3	0	3.45	0.4	0.972195398118369	0	3	3	0	0	0	NA	NA	NA
A*11:01_GSNNLILIY	16	TIL	A*11:01	GSNNLILIY	9	35	153	7.078061	0.31	0.444444444444444	0.006500126388624	0	5	6	0	0	0	NA	NA	NA
A*11:01_GVLPNYSEGK	16	TIL	A*11:01	GVLPNYSEGK	10	129	107	NA	5.15	0.2	0.05025571839437	5.90E-05	10	12	0	0	0	NA	NA	NA
A*11:01_HTDGHSEK	16	TIL	A*11:01	HTDGHSEK	8	12721	5087	NA	4.6	0	NA	NA	NA	1	0	0	0	NA	NA	NA
A*11:01_ILIYWNPFHR	16	TIL	A*11:01	ILIYWNPFHR	10	642	107.4	7.078061	0.88	0.5	0.005059458362951	5.47E-24	2	6	0	0	0	NA	NA	NA
A*11:01_KIFLCNARVK	16	TIL	A*11:01	KIFLCNARVK	10	987	94.4	NA	2.51	0.5	0.786791564377948	0	4	8	0	0	0	NA	NA	NA
A*11:01_KQLYRVFQK	16	TIL	A*11:01	KQLYRVFQK	9	11	30.8	0.527042684	6.14	0.333333333333333	0.017039511392083	0.5	2	6	0	0	0	NA	NA	NA
A*11:01_KTDTGVHATLK	16	TIL	A*11:01	KTDTGVHATLK	11	15	283.5	0.62143025	26.8	0.181818181818182	1.22769301702132	0	4	8	0	0	0	NA	NA	NA
A*11:01_LIYWNPFHR	16	TIL	A*11:01	LIYWNPFHR	9	0.98	24.5	7.078061	0.88	0.444444444444444	0.001769342873677	0	2	7	0	0	0	NA	NA	NA
A*11:01_LSSWHTPTLQK	16	TIL	A*11:01	LSSWHTPTLQK	11	18	174.5	NA	7.35	0.272727272727273	0.004770796516784	0	1	3	0	0	0	NA	NA	NA
A*11:01_LSVSDSHVYK	16	TIL	A*11:01	LSVSDSHVYK	10	18	14.1	1.3262015	19.94	0.3	0.70937213711809	0	6	8	0	0	0	NA	NA	NA
A*11:01_MLSSHIATK	16	TIL	A*11:01	MLSSHIATK	9	41	31.6	NA	3.95	0.333333333333333	0.000832308899731	0	1	3	0	0	0	NA	NA	NA
A*11:01_NLWPVPHGLK	16	TIL	A*11:01	NLWPVPHGLK	10	914	254.7	19.44205	0.6	0.4	0.008382282908097	0.999999999991149	10	11	0	0	0	NA	NA	NA
A*11:01_RISASCATR	16	TIL	A*11:01	RISASCATR	9	1505	346.4	0.1718632	2.52	0.222222222222222	1.79547574022742	0	6	10	0	0	0	NA	NA	NA
A*11:01_RLLRPIYDY	16	TIL	A*11:01	RLLRPIYDY	9	1187	635.3	3.794759	0.2	0.333333333333333	0.048301701310464	NA	2	7	0	0	0	NA	NA	NA
A*11:01_RSMLFARHLR	16	TIL	A*11:01	RSMLFARHLR	10	2.4	28.4	15.071688	4.36	0.4	0.784106787676977	0	4	9	0	0	0	NA	NA	NA
A*11:01_SALANPIGK	16	TIL	A*11:01	SALANPIGK	9	1.1	28.2	0.0372848	1.99	0.222222222222222	1.2361591108989	0	5	7	0	0	0	NA	NA	NA
A*11:01_SMLFARHLR	16	TIL	A*11:01	SMLFARHLR	9	68	71.8	15.071688	0.44	0.444444444444444	0.512623925718344	0	3	10	0	0	0	NA	NA	NA
A*11:01_SPLCNFNIIK	16	TIL	A*11:01	SPLCNFNIIK	10	2557	43.8	NA	0.73	0.5	0.002715904344355	0.000117897998788	10	4	0	0	0	NA	NA	NA
A*11:01_SQYCRPISTK	16	TIL	A*11:01	SQYCRPISTK	10	14	59.7	NA	2.34	0.2	0.021826886737242	1.57E-15	10	6	0	0	0	NA	NA	NA
A*11:01_SSQYCRPISTK	16	TIL	A*11:01	SSQYCRPISTK	11	68	255.7	NA	2.34	0.181818181818182	0.165551878833279	1.57E-15	11	3	0	0	0	NA	NA	NA
A*11:01_SSWHTPTLQK	16	TIL	A*11:01	SSWHTPTLQK	10	1	13.9	NA	7.35	0.2	0.000444913545434	0	1	6	0	0	0	NA	NA	NA
A*11:01_SVRCYVPSCLK	16	TIL	A*11:01	SVRCYVPSCLK	11	467	63.6	2.407851	4.96	0.454545454545455	0.111022386603194	0.992380674713825	2	10	0	0	0	NA	NA	NA
A*11:01_SVSDSHVYK	16	TIL	A*11:01	SVSDSHVYK	9	1.5	4.8	1.3262015	19.94	0.222222222222222	0.885097911396638	0	5	15	0	0	0	NA	NA	NA
A*11:01_SVSDSHVYKY	16	TIL	A*11:01	SVSDSHVYKY	10	61	41.5	1.3262015	19.94	0.2	0.574012970809014	0	5	8	0	0	0	NA	NA	NA
A*11:01_SVTFNGQVFK	16	TIL	A*11:01	SVTFNGQVFK	10	0.63	4.9	NA	42.15	0.4	0.007743362831858	5.34E-11	10	1	0	0	0	NA	NA	NA
A*11:01_TDTGVHATLK	16	TIL	A*11:01	TDTGVHATLK	10	7644	180.8	0.3466005	0.9	0.2	0.048798553661284	NA	3	7	0	0	0	NA	NA	NA
A*11:01_TQCKWQFVAK	16	TIL	A*11:01	TQCKWQFVAK	10	533	100.1	NA	1.34	0.4	0.648736228127025	0	8	2	0	0	0	NA	NA	NA
A*11:01_TVIAVASSMR	16	TIL	A*11:01	TVIAVASSMR	10	1629	332.8	7.960387	0.83	0.4	0.257761324380189	0	3	12	0	0	0	NA	NA	NA
A*11:01_VIAVASSMR	16	TIL	A*11:01	VIAVASSMR	9	833	432.3	7.960387	0.64	0.444444444444444	0.021109953703336	0	2	11	0	0	0	NA	NA	NA
A*11:01_VTFNGQVFK	16	TIL	A*11:01	VTFNGQVFK	9	1.3	4	NA	42.15	0.444444444444444	0.010093363613424	5.34E-11	9	1	0	0	0	NA	NA	NA
A*11:01_VVGAAGVGK	16	TIL	A*11:01	VVGAAGVGK	9	29	93.1	0.717587	3.85	0.333333333333333	0.687495098083971	0	5	13	0	0	0	NA	NA	NA
A*11:01_VVVGAAGVGK	16	TIL	A*11:01	VVVGAAGVGK	10	28	180.5	0.717587	4.27	0.4	0.674939114177688	0	6	11	0	0	0	NA	NA	NA
A*11:01_YSNFISHLAK	16	TIL	A*11:01	YSNFISHLAK	10	5.2	14	NA	2.69	0.3	NA	0	NA	NA	0	0	0	NA	NA	NA
A*24:02_AWLLRKNFF	10	TIL	A*24:02	AWLLRKNFF	9	94	380.5	NA	1.74	0.555555555555556	NA	0	3	2	0	0	0	NA	NA	NA
A*24:02_AWLLRKNFFYF	10	TIL	A*24:02	AWLLRKNFFYF	11	0.12	162.1	NA	4.41	0.545454545454545	0.214247951361353	0	3	3	0	0	0	NA	NA	NA
A*24:02_AYGNNCDGI	10	TIL	A*24:02	AYGNNCDGI	9	578	1895.9	2.869137	0.39	0.222222222222222	0.859746548123459	NA	6	3	0	0	0	NA	NA	NA
A*24:02_AYQKAPTKQF	10	TIL	A*24:02	AYQKAPTKQF	10	140	152.4	NA	2.44	0.1	0.924196482716798	0	9	3	0	0	0	NA	NA	NA
A*24:02_AYYFMVKVW	10	TIL	A*24:02	AYYFMVKVW	9	114	108.1	26.611488	3.91	0.555555555555556	0.220965842833328	0	3	8	0	0	0	NA	NA	NA
A*24:02_EYQDMHSYI	10	TIL	A*24:02	EYQDMHSYI	9	13	298.9	0.931241	1.25	0.222222222222222	0.051880003892973	5.34E-11	2	2	0	0	0	NA	NA	NA
A*24:02_IYANMFKKF	10	TIL	A*24:02	IYANMFKKF	9	7	12.9	NA	10.05	0.444444444444444	NA	2.67E-11	NA	1	0	0	0	NA	NA	NA
A*24:02_LDYVENLAKF	10	TIL	A*24:02	LDYVENLAKF	10	483	44.7	NA	1.63	0.4	0.001618064404031	NA	3	2	0	0	0	NA	NA	NA
A*24:02_LLYEDVFPVW	10	TIL	A*24:02	LLYEDVFPVW	10	633	497.2	NA	3.07	0.6	1.08418491236241	6.95E-09	8	3	0	0	0	NA	NA	NA
A*24:02_LYEDVFPVW	10	TIL	A*24:02	LYEDVFPVW	9	4.2	113.1	NA	3.07	0.555555555555556	1.08717403804613	6.95E-09	7	8	0	0	0	NA	NA	NA
A*24:02_LYTNWYLESLF	10	TIL	A*24:02	LYTNWYLESLF	11	0.89	89.1	1.886799	0.89	0.454545454545455	0.104913014886766	0.015124298495869	11	6	0	0	NA	NA	NA	NA
A*24:02_MWSVWDPMYVW	10	TIL	A*24:02	MWSVWDPMYVW	11	181	374.6	NA	1.05	0.636363636363636	0.306479801434841	5.90E-05	9	4	0	0	0	NA	NA	NA
A*24:02_PWQASLFHL	10	TIL	A*24:02	PWQASLFHL	9	19	123	NA	0.36	0.444444444444444	0.475270479134467	0.501912228143914	5	8	0	0	0	NA	NA	NA
A*24:02_PYLPSPCPP	10	TIL	A*24:02	PYLPSPCPP	9	264	20804.7	NA	0.16	0.222222222222222	NA	0.999941496729779	5	3	0	0	0	NA	NA	NA
A*24:02_QPWQASLFHL	10	TIL	A*24:02	QPWQASLFHL	10	15976	702.9	NA	0.36	0.4	0.527980169758882	0.503809885547092	6	3	0	0	0	NA	NA	NA
A*24:02_RHSPAPFSKF	10	TIL	A*24:02	RHSPAPFSKF	10	273	418.4	1.13976	0.56	0.2	0.063671428814708	0	10	4	0	0	0	NA	NA	NA
A*24:02_RMPKLLKSLF	10	TIL	A*24:02	RMPKLLKSLF	10	108	70.5	9.321243	1.65	0.5	0.179200947150346	5.90E-05	1	8	0	0	0	NA	NA	NA
A*24:02_RVVSGAYYF	10	TIL	A*24:02	RVVSGAYYF	9	465	138.8	26.611488	1.04	0.333333333333333	0.167012459443389	NA	8	5	0	0	0	NA	NA	NA
A*24:02_SLFHLTRLF	10	TIL	A*24:02	SLFHLTRLF	9	694	911.3	NA	1.03	0.555555555555556	0.213289332022656	NA	1	2	0	0	0	NA	NA	NA
A*24:02_SLVPCLPEFF	10	TIL	A*24:02	SLVPCLPEFF	10	2539	1744.1	NA	0.51	0.6	NA	NA	10	2	0	0	0	NA	NA	NA
A*24:02_SQPWQASLF	10	TIL	A*24:02	SQPWQASLF	9	1927	366.5	NA	0.42	0.333333333333333	0.58856592259515	NA	7	5	0	0	0	NA	NA	NA
A*24:02_SQPWQASLFHL	10	TIL	A*24:02	SQPWQASLFHL	11	509	1723.1	NA	0.42	0.363636363636364	0.663803066492025	0.667517630666613	7	1	0	0	0	NA	NA	NA
A*24:02_VFIQTRGGTF	10	TIL	A*24:02	VFIQTRGGTF	10	6.9	533.4	NA	2.14	0.4	NA	0	NA	1	0	0	0	NA	NA	NA
A*24:02_VFPVWEVIW	10	TIL	A*24:02	VFPVWEVIW	9	15	164	NA	0.88	0.777777777777778	0.902172936706158	0.500000000875674	3	7	0	0	0	NA	NA	NA
A*24:02_VYCEEYYLF	10	TIL	A*24:02	VYCEEYYLF	9	17	6.1	NA	82.53	0.444444444444444	0.198039323575804	2.67E-11	6	4	1	1	0.335	NA	NA	NA
A*24:02_VYCEEYYLFS	10	TIL	A*24:02	VYCEEYYLFS	10	698	114.4	NA	82.53	0.4	0.157056562328391	2.67E-11	6	2	0	0	0	NA	NA	NA
A*24:02_VYPFYRFRLI	10	TIL	A*24:02	VYPFYRFRLI	10	3.5	39	NA	4.17	0.5	0.002485532923752	0	2	2	0	0	0	NA	NA	NA
A*24:02_VYSLEAEAYAAF	10	TIL	A*24:02	VYSLEAEAYAAF	12	1216	118.7	NA	0.37	0.25	0.004753658968434	0	2	2	0	0	0	NA	NA	NA
A*24:02_YYFMVKVW	10	TIL	A*24:02	YYFMVKVW	8	348	508.5	NA	3.91	0.625	0.496359703211469	0	2	2	0	0	0	NA	NA	NA
A*68:01_ATFEEWFPQR	1	PBMC	A*68:01	ATFEEWFPQR	10	20	23.3	48.469401	6.96	0.3	0.001333945098888	0	10	10	0	0	0	NA	NA	NA
A*68:01_CTFCPPPLPK	1	PBMC	A*68:01	CTFCPPPLPK	10	158	29.5	32.217484	1.96	0.4	0.131447842251059	0.007619771094184	1	9	0	0	0	NA	NA	NA
A*68:01_DTIDVSKLNR	1	PBMC	A*68:01	DTIDVSKLNR	10	19	16.6	76.848704	2.43	0.3	1.80108117951704	0	7	13	1	1	0.014	NA	NA	NA
A*68:01_EAFAASAVGSR	1	PBMC	A*68:01	EAFAASAVGSR	11	9	39.2	4.1248216	1.63	0.181818181818182	0.038170336149556	0	11	10	0	0	0	NA	NA	NA
A*68:01_EIIPQCIAR	1	PBMC	A*68:01	EIIPQCIAR	9	29	24.1	69.68075	2.61	0.444444444444444	0.030952544226931	0	1	17	1	1	0.32	NA	NA	NA
A*68:01_EMASVLFK	1	PBMC	A*68:01	EMASVLFK	8	6639	127.8	19.070759	1.3	0.5	2.27604880848108	0	2	5	0	0	0	NA	NA	NA
A*68:01_EVCAPVIKR	1	PBMC	A*68:01	EVCAPVIKR	9	43	19.2	NA	4.55	0.444444444444444	NA	0	8	1	0	0	0	NA	NA	NA
A*68:01_EVVLFHPNYNINR	1	PBMC	A*68:01	EVVLFHPNYNINR	13	6	64.1	NA	0.49	0.384615384615385	0.001993909399992	0.999999996524401	13	1	0	0	0	NA	NA	NA
A*68:01_EYFRYLYHR	1	PBMC	A*68:01	EYFRYLYHR	9	95	52.6	85.7972660006	0.44	0.222222222222222	0.435141874902588	0	5	12	0	0	0	NA	NA	NA
A*68:01_FAASAVGSR	1	PBMC	A*68:01	FAASAVGSR	9	10	9.6	4.1248216	1.63	0.222222222222222	0.027697685294333	0	9	13	0	0	0.001	NA	NA	NA
A*68:01_FISGTFGLK	1	PBMC	A*68:01	FISGTFGLK	9	11	14	9.05521	0.7	0.444444444444444	0.509985592373134	3.48E-09	1	13	0	0	0	NA	NA	NA
A*68:01_FSAKAGPAR	1	PBMC	A*68:01	FSAKAGPAR	9	72	35.9	26.804527	2.42	0.111111111111111	0.006625154696717	0	9	15	0	0	0	NA	NA	NA
A*68:01_FSAVNSLIQR	1	PBMC	A*68:01	FSAVNSLIQR	10	38	18.6	39.749201	2.19	0.4	0.563071499112414	0	2	13	0	0	0	NA	NA	NA
A*68:01_FSNFIFLR	1	PBMC	A*68:01	FSNFIFLR	8	608	33	NA	4.93	0.625	0.0150315176984	0	8	1	0	0	0	NA	NA	NA
A*68:01_FVFSKYCHR	1	PBMC	A*68:01	FVFSKYCHR	9	4	5.4	247.661044	9.21	0.444444444444444	0.445637655299073	0	7	15	0	0	0	NA	NA	NA
A*68:01_FVFSKYCHRA	1	PBMC	A*68:01	FVFSKYCHRA	10	387	134.3	NA	9.21	0.4	0.218860186787073	NA	7	7	0	0	0	NA	NA	NA
A*68:01_FVRLQLTFEK	1	PBMC	A*68:01	FVRLQLTFEK	10	6336	53.2	3.774343	0.87	0.5	0.008405524387673	0	10	6	0	0	0	NA	NA	NA
A*68:01_HALDKARTR	1	PBMC	A*68:01	HALDKARTR	9	3966	230.5	222.36236	0.93	0.111111111111111	0.006520978578172	0	9	12	0	0	0	NA	NA	NA
A*68:01_ITNFYETAMR	1	PBMC	A*68:01	ITNFYETAMR	10	42	15.2	42.312028	0.42	0.3	0.564489383771455	0	4	11	0	0	0	NA	NA	NA
A*68:01_MPKMGKTIYK	1	PBMC	A*68:01	MPKMGKTIYK	10	15	127.4	127.1952548	0.37	0.3	0.200797037279721	NA	9	11	0	0	0	NA	NA	NA
A*68:01_MSFQQVQR	1	PBMC	A*68:01	MSFQQVQR	8	34	216.5	12.099731615	4.15	0.375	0.79492211947399	0	5	6	0	0	0	NA	NA	NA
A*68:01_QFSAKAGPAR	1	PBMC	A*68:01	QFSAKAGPAR	10	17941	464.8	26.804527	2.42	0.1	0.033164027627775	0	10	8	0	0	0	NA	NA	NA
A*68:01_QQFSAKAGPAR	1	PBMC	A*68:01	QQFSAKAGPAR	11	1529	4813.1	26.804527	2.42	0.090909090909091	0.09117154655466	NA	11	3	0	0	0	NA	NA	NA
A*68:01_QSIWSRLQK	1	PBMC	A*68:01	QSIWSRLQK	9	135	37.5	7.13728680125	0.76	0.333333333333333	0.005423177521149	0	9	6	0	0	0	NA	NA	NA
A*68:01_SAFLQLTAK	1	PBMC	A*68:01	SAFLQLTAK	9	40	55.7	NA	0.62	0.333333333333333	0.009587473181784	0	9	9	0	0	0	NA	NA	NA
A*68:01_SSAFLQLTAK	1	PBMC	A*68:01	SSAFLQLTAK	10	190	52	NA	0.73	0.3	0.006993930003187	0	10	8	0	0	0	NA	NA	NA
A*68:01_SVGHQLFHR	1	PBMC	A*68:01	SVGHQLFHR	9	19	74.4	NA	3.93	0.333333333333333	0.464761356131817	0	7	12	0	0	0	NA	NA	NA
A*68:01_TILGEFQYFK	1	PBMC	A*68:01	TILGEFQYFK	10	50	17.5	2.773887	0.7	0.4	1.00672372113269	5.94E-05	5	7	0	0	0	NA	NA	NA
A*68:01_TNFYETAMR	1	PBMC	A*68:01	TNFYETAMR	9	2	37.4	42.312028	0.42	0.222222222222222	0.314658916635902	0	3	12	0	0	0.001	NA	NA	NA
A*68:01_YTWEQMGLR	1	PBMC	A*68:01	YTWEQMGLR	9	21	12.8	3.6373960041	2.86	0.333333333333333	1.16400624519376	0.007677828608957	1	4	0	0	0	NA	NA	NA
B*07:02_APKVEADESL	12	TIL	B*07:02	APKVEADESL	10	97	595.6	15.2647	6.9	0.2	3.35093069181105	0	8	8	0	0	0	NA	NA	NA
B*07:02_ATAAARGPV	12	TIL	B*07:02	ATAAARGPV	9	9.4	551.1	NA	1.27	0.111111111111111	0.105778422854027	0	8	8	0	0	0	NA	NA	NA
B*07:02_CPLQCFQPRL	12	TIL	B*07:02	CPLQCFQPRL	10	3670	106.4	1.519533	0.79	0.5	0.004887347557475	0.5	2	7	0	0	0	NA	NA	NA
B*07:02_GPSPSSEAL	12	TIL	B*07:02	GPSPSSEAL	9	15	59.7	1.5922051	3.03	0.111111111111111	5.34012429540046	0	7	12	0	0	0	NA	NA	NA
B*07:02_GPVEEVRAL	12	TIL	B*07:02	GPVEEVRAL	9	129	85.6	NA	2.73	0.333333333333333	0.041903889874716	0	2	16	0	0	0	NA	NA	NA
B*07:02_GPVEEVRALL	12	TIL	B*07:02	GPVEEVRALL	10	378	198.4	NA	2.73	0.4	0.022621003236242	0	2	10	0	0	0	NA	NA	NA
B*07:02_KPANHRGQL	12	TIL	B*07:02	KPANHRGQL	9	1.6	3.5	NA	17.73	0.111111111111111	NA	0	NA	1	0	0	0	NA	NA	NA
B*07:02_KPMEAVTVAV	12	TIL	B*07:02	KPMEAVTVAV	10	26	17.8	0.820897	14.43	0.4	0.368399742162607	0	3	3	0	0	0	NA	NA	NA
B*07:02_LPGLILYTL	12	TIL	B*07:02	LPGLILYTL	9	209	369.8	23.96313	0.77	0.555555555555556	0.349347694914901	3.48E-09	9	13	0	0	0	NA	NA	NA
B*07:02_RGPVEEVRAL	12	TIL	B*07:02	RGPVEEVRAL	10	8714	43.4	NA	2.73	0.3	0.014336009289153	NA	3	8	0	0	NA	NA	NA	NA
B*07:02_RGRMQTASL	12	TIL	B*07:02	RGRMQTASL	9	1.7	57.7	2.87527	1.5	0.222222222222222	1.09565827644303	0	4	10	1	1	0.0295	NA	NA	NA
B*07:02_RPRRVEIVAL	12	TIL	B*07:02	RPRRVEIVAL	10	7.5	4.2	NA	26.82	0.4	1.27272727272727	0	8	2	0	0	0	NA	NA	NA
B*07:02_RPTYEEGFL	12	TIL	B*07:02	RPTYEEGFL	9	864	117.7	NA	1.12	0.222222222222222	0.252931285974384	NA	4	7	0	0	0	NA	NA	NA
B*07:02_RPVGGRPGW	12	TIL	B*07:02	RPVGGRPGW	9	161	707	14.25145	0.71	0.222222222222222	0.553370817235063	0.999999999999998	3	8	0	0	0	NA	NA	NA
B*07:02_RPVWKLVKV	12	TIL	B*07:02	RPVWKLVKV	9	19	60.8	9.659287	2.61	0.555555555555556	0.001699303688189	0	1	5	0	0	0	NA	NA	NA
B*07:02_SPWKDGDEL	12	TIL	B*07:02	SPWKDGDEL	9	431	173	10.959137	1.03	0.222222222222222	0.81118426409359	0.999999999999795	5	9	0	0	0	NA	NA	NA
B*07:02_TPGTRGPI	12	TIL	B*07:02	TPGTRGPI	8	13	341.3	7.142663	1.34	0.125	0.042814182323194	0.007619771094184	8	10	0	0	0	NA	NA	NA
B*07:02_VPTLGRGGW	12	TIL	B*07:02	VPTLGRGGW	9	4575	1881.6	17.1763248	0.5	0.333333333333333	0.593378685399851	NA	1	5	0	0	0	NA	NA	NA
B*08:01_AIRVRTFRA	10	TIL	B*08:01	AIRVRTFRA	9	476	479.8	NA	0.18	0.333333333333333	5.21952181403292	0	2	4	0	0	NA	NA	NA	NA
B*08:01_ALKCRVALSL	3	PBMC	B*08:01	ALKCRVALSL	10	NA	58.6	17.697872	0.4	0.5	0.009865919333746	0	10	8	0	0	0	NA	0	0
B*08:01_ALREHFQPQL	10	TIL	B*08:01	ALREHFQPQL	10	1706	108.3	NA	0.14	0.3	0.006237808658138	0	4	3	0	0	NA	NA	NA	NA
B*08:01_ALVNKRNAL	10	TIL	B*08:01	ALVNKRNAL	9	59	126.7	NA	0.26	0.333333333333333	0.148169804701205	0	7	4	0	0	NA	NA	NA	NA
B*08:01_APFSKFSTF	10	TIL	B*08:01	APFSKFSTF	9	9590	181.2	1.13976	0.39	0.333333333333333	0.173263860376353	0	6	5	0	0	NA	NA	NA	NA
B*08:01_DLLLRTAQL	3	PBMC	B*08:01	DLLLRTAQL	9	69	126.3	NA	0.3	0.444444444444444	0.452688172043011	0	4	3	0	0	0	NA	0	0
B*08:01_EIRSRNNAL	3	PBMC	B*08:01	EIRSRNNAL	9	107	41.6	NA	0.45	0.222222222222222	0.261555394405593	3.48E-09	7	6	0	0	0	NA	0	0
B*08:01_ELKEKTLNL	3	PBMC	B*08:01	ELKEKTLNL	9	486	68.5	NA	0.31	0.333333333333333	NA	0	3	2	0	0	0	NA	0	0
B*08:01_ELKFYVNHL	3	PBMC	B*08:01	ELKFYVNHL	9	854	145.4	40.4560251	0.21	0.444444444444444	0.846042870395501	0	4	14	0	0	0	NA	0	0
B*08:01_EPQRARSLTV	10	TIL	B*08:01	EPQRARSLTV	10	1302	429.5	NA	0.25	0.2	0.690499638851105	0.999999773659969	8	4	0	0	NA	NA	NA	NA
B*08:01_EVKEVFQAL	10	TIL	B*08:01	EVKEVFQAL	9	635	243.3	NA	0.39	0.444444444444444	0.226319212910169	0	6	5	0	0	NA	NA	NA	NA
B*08:01_FMAIRNSL	3	PBMC	B*08:01	FMAIRNSL	8	NA	22.4	30.4856401	0.49	0.5	0.780741291707069	0	7	6	0	0	0	NA	0	0
B*08:01_FNSVRKRMSV	10	TIL	B*08:01	FNSVRKRMSV	10	2854	247.8	1.062857	0.3	0.4	0.368056169619084	0	2	3	0	0	0	NA	NA	NA
B*08:01_FPGIKAHPV	3	PBMC	B*08:01	FPGIKAHPV	9	NA	41.5	12.73401	0.4	0.333333333333333	0.040640997255222	0	5	13	0	0	0	NA	0	0
B*08:01_FPRKPRPKL	10	TIL	B*08:01	FPRKPRPKL	9	69	300	NA	0.36	0.222222222222222	1.10227696059683	0	4	3	0	0	0	NA	NA	NA
B*08:01_FPYCRAHVL	10	TIL	B*08:01	FPYCRAHVL	9	9.7	8.9	NA	2.16	0.444444444444444	1.08536585365854	0	6	1	0	0	NA	NA	NA	NA
B*08:01_FRLLRYQPL	3	PBMC	B*08:01	FRLLRYQPL	9	10	20.7	0.71422964409	0.98	0.444444444444444	0.508503468918548	0	1	7	0	0	0	NA	0	0
B*08:01_HALRRHYHL	3	PBMC	B*08:01	HALRRHYHL	9	52	10.3	40.43526	0.47	0.222222222222222	0.02101913823682	0	9	15	1	1	0.115	NA	0	0
B*08:01_HMKAKLAML	10	TIL	B*08:01	HMKAKLAML	9	46	15.5	NA	0.53	0.444444444444444	1.58163265306122	0	8	2	0	0	NA	NA	NA	NA
B*08:01_ILTTRIHKL	10	TIL	B*08:01	ILTTRIHKL	9	114	161.7	5.523725	0.29	0.444444444444444	1.34862385321101	0	8	4	0	0	NA	NA	NA	NA
B*08:01_IVHHRIHTA	10	TIL	B*08:01	IVHHRIHTA	9	63	298.7	NA	0.29	0.333333333333333	0.968533514639804	NA	4	3	0	0	0	NA	NA	NA
B*08:01_KLKNKQQQL	10	TIL	B*08:01	KLKNKQQQL	9	166	212.2	22.869047	0.23	0.222222222222222	2.14079170743586	0	4	6	0	0	NA	NA	NA	NA
B*08:01_KPRPKLHHSL	10	TIL	B*08:01	KPRPKLHHSL	10	36	161.2	NA	0.47	0.2	1.76475422048299	1.21E-17	1	4	0	0	0	NA	NA	NA
B*08:01_LLRKNFFYF	10	TIL	B*08:01	LLRKNFFYF	9	456	65.9	NA	0.18	0.555555555555556	0.340041279669763	0	1	4	0	0	0	NA	NA	NA
B*08:01_LMKKRDNL	3	PBMC	B*08:01	LMKKRDNL	8	NA	72.9	3.0482328	0.25	0.375	0.542127855643368	0	7	5	0	0	0	NA	0	0
B*08:01_LVNKRNAL	10	TIL	B*08:01	LVNKRNAL	8	72	109.4	NA	0.43	0.375	0.18349547131835	0	6	2	0	0	0	NA	NA	NA
B*08:01_MARAIRVRTF	10	TIL	B*08:01	MARAIRVRTF	10	2528	65.6	NA	0.38	0.4	1.52558139534884	0	5	3	0	0	NA	NA	NA	NA
B*08:01_MIRRRRPTL	3	PBMC	B*08:01	MIRRRRPTL	9	22	5.3	NA	0.51	0.333333333333333	0.018313752591569	0	9	4	0	0	0	NA	0	0
B*08:01_MKYPRLCIL	3	PBMC	B*08:01	MKYPRLCIL	9	135	312.5	31.434542	0.54	0.555555555555556	1.10185899137598	0.029797927561962	6	8	0	0	0	NA	0	0
B*08:01_MLRELSSAF	3	PBMC	B*08:01	MLRELSSAF	9	65	56.7	NA	0.41	0.444444444444444	0.213800904977376	0	1	1	0	0	0	NA	0	0
B*08:01_NLFKRLMIV	3	PBMC	B*08:01	NLFKRLMIV	9	NA	82.5	24.336532	0.24	0.666666666666667	0.202710731008181	0	2	11	0	0	0	NA	0	0
B*08:01_NPRMKPQM	10	TIL	B*08:01	NPRMKPQM	8	123	591.6	0.166075	0.27	0.25	0.849014044395352	1.36E-06	5	3	0	0	NA	NA	NA	NA
B*08:01_NSVRKRMSV	10	TIL	B*08:01	NSVRKRMSV	9	198	136.3	1.062857	0.33	0.333333333333333	0.214116692825882	0	1	5	0	0	0	NA	NA	NA
B*08:01_QLKEHWNHL	3	PBMC	B*08:01	QLKEHWNHL	9	NA	103.5	3.0482328	0.28	0.333333333333333	0.154706331475594	0	7	12	0	0	0	NA	0	0
B*08:01_QLKMKKLSA	3	PBMC	B*08:01	QLKMKKLSA	9	NA	80.1	54.8937861647	0.19	0.333333333333333	0.538374786030839	0	7	12	0	0	0	NA	0	0
B*08:01_RLKQEKAFSL	3	PBMC	B*08:01	RLKQEKAFSL	10	NA	92.3	109.16061	0.23	0.3	0.918976455263088	0	2	10	0	0	0	NA	0	0
B*08:01_SIRDHPQAL	10	TIL	B*08:01	SIRDHPQAL	9	353	72.2	NA	0.3	0.222222222222222	NA	0	7	1	0	0	NA	NA	NA	NA
B*08:01_SKLKNKQQQL	10	TIL	B*08:01	SKLKNKQQQL	10	1646	698.6	NA	0.23	0.2	1.95686274509804	0	5	3	0	0	0	NA	NA	NA
B*08:01_SLFHLTRL	10	TIL	B*08:01	SLFHLTRL	8	59044	1581	NA	0.16	0.5	0.26597355405269	NA	1	1	0	0	0	NA	NA	NA
B*08:01_SPLHRHNVF	3	PBMC	B*08:01	SPLHRHNVF	9	NA	77	9.4597253	0.55	0.333333333333333	0.033301797945194	0	1	5	0	0	0	NA	0	0
B*08:01_VALVNKRNAL	10	TIL	B*08:01	VALVNKRNAL	10	1592	193.4	NA	0.27	0.4	0.153931868831582	0	8	3	0	0	0	NA	NA	NA
B*08:01_VSFVRINSL	3	PBMC	B*08:01	VSFVRINSL	9	NA	154	12.40557	0.34	0.555555555555556	0.028730009553794	NA	9	13	0	0	0	NA	0	0
B*08:01_WGKLHVASL	3	PBMC	B*08:01	WGKLHVASL	9	32	13.6	338.8826	0.31	0.444444444444444	0.508604197986749	0	4	16	0	0	0.0033	NA	0	0
B*08:01_WLLRKNFF	10	TIL	B*08:01	WLLRKNFF	8	9	397	NA	0.25	0.625	0.176651954301375	0	2	3	0	0	0	NA	NA	NA
B*08:01_YGYSRVNPM	3	PBMC	B*08:01	YGYSRVNPM	9	40	50.5	47.67873	0.78	0.222222222222222	2.76265342930768	0.999999996550681	4	8	0	0	0	NA	0	0
B*08:01_YLLLRNLSI	10	TIL	B*08:01	YLLLRNLSI	9	15	21.4	NA	0.41	0.555555555555556	0.144010767160162	0	2	2	0	0	0	NA	NA	NA
B*08:01_YPRYRLEPM	10	TIL	B*08:01	YPRYRLEPM	9	13	11.8	NA	1.39	0.222222222222222	0.501630478008431	0	1	3	0	0	NA	NA	NA	NA
B*08:01_YVKSLSRVM	10	TIL	B*08:01	YVKSLSRVM	9	NA	538.4	NA	0.4	0.444444444444444	0.146859060036551	NA	1	5	0	0	NA	NA	NA	NA
B*27:05_HRDRLIGLMM	16	TIL	B*27:05	HRDRLIGLMM	10	155	76.1	0.285446	0.4	0.5	0.681711663006712	0	5	5	0	0	0	NA	NA	NA
B*27:05_HRIELDPSKF	16	TIL	B*27:05	HRIELDPSKF	10	59	96.2	NA	0.68	0.3	0.339426475959763	0	10	8	0	0	0	NA	NA	NA
B*27:05_KRACCIPGR	16	TIL	B*27:05	KRACCIPGR	9	13	30.4	NA	1.78	0.333333333333333	0.003432579179985	0	2	5	0	0	0	NA	NA	NA
B*27:05_KRACCIPGRR	16	TIL	B*27:05	KRACCIPGRR	10	68	50.8	NA	1.84	0.3	0.007187862782834	0	2	4	0	0	0	NA	NA	NA
B*27:05_KRCPGRFVY	16	TIL	B*27:05	KRCPGRFVY	9	40	187.4	5.13844	2.34	0.333333333333333	0.01258919163277	NA	2	11	0	0	0	NA	NA	NA
B*27:05_KRRPSGFFLF	16	TIL	B*27:05	KRRPSGFFLF	10	14	42.1	6.41361	1.3	0.4	0.160582346100703	0.999988245051672	3	8	0	0	0	NA	NA	NA
B*27:05_LRTADWHLY	16	TIL	B*27:05	LRTADWHLY	9	200	539.7	4.3956955	0.49	0.333333333333333	0.701730963222781	0	7	11	0	0	0	NA	NA	NA
B*27:05_LRTADWHLYL	16	TIL	B*27:05	LRTADWHLYL	10	317	92.4	4.3956955	0.44	0.4	1.45387268113593	0	7	10	0	0	0	NA	NA	NA
B*27:05_NRYAVQDFL	16	TIL	B*27:05	NRYAVQDFL	9	98	224.9	0.848997	0.44	0.333333333333333	0.070491630981087	0	3	9	0	0	0	NA	NA	NA
B*27:05_NRYAVQDFLH	16	TIL	B*27:05	NRYAVQDFLH	10	321	160.8	0.848997	0.84	0.3	0.12209746472035	0	3	8	0	0	0	NA	NA	NA
B*27:05_RRHIEIRDK	16	TIL	B*27:05	RRHIEIRDK	9	27	221	1.60549	0.79	0.222222222222222	0.256128135532829	0	8	9	0	0	0	NA	NA	NA
B*27:05_RRPSGFFL	16	TIL	B*27:05	RRPSGFFL	8	668	274.3	6.41361	0.77	0.375	0.053132556867319	0.999988208948994	2	5	0	0	0	NA	NA	NA
B*27:05_RRPSGFFLF	16	TIL	B*27:05	RRPSGFFLF	9	8.1	77.9	6.41361	0.94	0.444444444444444	0.026058914062499	0.999988208948994	2	8	0	0	0	NA	NA	NA
B*27:05_RRQSMTVKR	16	TIL	B*27:05	RRQSMTVKR	9	27	31.5	NA	4.62	0.222222222222222	2.00E-05	0	1	1	0	0	0	NA	NA	NA
B*27:05_RRQSMTVKRE	16	TIL	B*27:05	RRQSMTVKRE	10	353	224.8	NA	4.62	0.2	2.00E-05	NA	1	1	0	0	0	NA	NA	NA
B*27:05_RRSMLFAR	16	TIL	B*27:05	RRSMLFAR	8	8.1	46.4	15.071688	3.93	0.375	0.879008000787142	0	5	6	0	0	0	NA	NA	NA
B*27:05_RRSMLFARH	16	TIL	B*27:05	RRSMLFARH	9	5.1	62.1	15.071688	3.97	0.333333333333333	0.582559182475386	0	5	10	1	1	0.175	NA	NA	NA
B*27:05_RRSMLFARHL	16	TIL	B*27:05	RRSMLFARHL	10	2.9	9.6	15.071688	2.47	0.4	0.862949335956714	0	5	8	0	0	0	NA	NA	NA
B*27:05_RRSMLFARHLR	16	TIL	B*27:05	RRSMLFARHLR	11	7.6	41.9	NA	2.47	0.363636363636364	0.702955263873895	0	5	6	0	0	0	NA	NA	NA
B*27:05_SQNQHENDI	16	TIL	B*27:05	SQNQHENDI	9	2359	26314.2	NA	0.16	0.111111111111111	NA	NA	1	1	0	0	0	NA	NA	NA
B*27:05_SRMGQTVIAV	16	TIL	B*27:05	SRMGQTVIAV	10	32	78	7.960387	0.95	0.4	1.10795454545455	0	8	9	0	0	0	NA	NA	NA
B*27:05_YRHVHLRSF	16	TIL	B*27:05	YRHVHLRSF	9	31	65.4	0.110281	0.9	0.333333333333333	1.122832630045	0	5	12	0	0	0	NA	NA	NA
B*44:02_ADTSEARPFW	1	PBMC	B*44:02	ADTSEARPFW	10	27714	620.1	NA	0.35	0.2	0.034546204452746	0	10	7	0	0	0	NA	NA	NA
B*44:02_AEATRHFSGPVW	16	TIL	B*44:02	AEATRHFSGPVW	12	49	42.6	NA	0.7	0.25	NA	0	7	1	0	0	0	NA	NA	NA
B*44:02_AELEEVSSY	1	PBMC	B*44:02	AELEEVSSY	9	956	18.8	NA	2.85	0.222222222222222	0.012800435759515	5.90E-05	9	3	0	0	0	NA	NA	NA
B*44:02_AELLAKQLY	16	TIL	B*44:02	AELLAKQLY	9	31	28.9	0.527042684	3.16	0.333333333333333	0.411730236201403	0	7	8	0	0	0	NA	NA	NA
B*44:02_AEQQGACPGL	10	TIL	B*44:02	AEQQGACPGL	10	575	362.2	2.447814	0.99	0.2	0.390809092647966	0	4	7	0	0	0	NA	NA	NA
B*44:02_AEVSVLYTV	16	TIL	B*44:02	AEVSVLYTV	9	2621	84.9	0	1.15	0.444444444444444	0.012699381118734	0	2	4	0	0	0	NA	NA	NA
B*44:02_AEYQDMHSY	10	TIL	B*44:02	AEYQDMHSY	9	43	16.4	0.931241	3.28	0.111111111111111	0.536622529644269	0	3	6	1	1	0.47	NA	NA	NA
B*44:02_EAIYETYTW	1	PBMC	B*44:02	EAIYETYTW	9	3808	4882.2	NA	0.52	0.222222222222222	NA	NA	7	1	0	0	0	NA	NA	NA
B*44:02_EDNKHAPSSW	16	TIL	B*44:02	EDNKHAPSSW	10	9436	1529.2	NA	0.3	0.1	2.00E-05	0	1	1	0	0	0	NA	NA	NA
B*44:02_EEFLDPSRPY	16	TIL	B*44:02	EEFLDPSRPY	10	41	96.9	NA	0.76	0.2	0.021812401339518	0	2	8	0	0	0	NA	NA	NA
B*44:02_EENSTGSLY	1	PBMC	B*44:02	EENSTGSLY	9	667	56.3	8.407509273	1.32	0.111111111111111	0.002190651304014	0	2	6	0	0	0	NA	NA	NA
B*44:02_EEQCLQWDL	10	TIL	B*44:02	EEQCLQWDL	9	194	293.1	2.879492	0.43	0.444444444444444	0.488737241576948	0	5	7	0	0	0	NA	NA	NA
B*44:02_EEQCLQWDLY	10	TIL	B*44:02	EEQCLQWDLY	10	1360	43.6	2.879492	0.79	0.4	0.45359105570775	0	5	10	0	0	0	NA	NA	NA
B*44:02_EEQEPVQQL	1	PBMC	B*44:02	EEQEPVQQL	9	1500	556.5	NA	0.63	0.222222222222222	1.74574316159508	4.53E-07	1	2	0	0	0	NA	NA	NA
B*44:02_EESSNNLTKF	1	PBMC	B*44:02	EESSNNLTKF	10	6104	286.9	231.098211	0.92	0.2	1.18296307061885	0	9	9	0	0	0	NA	NA	NA
B*44:02_EEVKEVFQAL	10	TIL	B*44:02	EEVKEVFQAL	10	4690	807	NA	0.61	0.4	NA	NA	7	3	0	0	0	NA	NA	NA
B*44:02_EEYYLFSGF	10	TIL	B*44:02	EEYYLFSGF	9	54	54.1	NA	0.5	0.333333333333333	0.305304740406321	0	3	3	0	0	0	NA	NA	NA
B*44:02_GEEVLLHAF	1	PBMC	B*44:02	GEEVLLHAF	9	6	136.3	79.016063	0.55	0.444444444444444	1.13835803580696	3.48E-09	4	11	0	0	0	NA	NA	NA
B*44:02_GEIFAQRVSW	1	PBMC	B*44:02	GEIFAQRVSW	10	94	26.4	21.59625364	0.9	0.4	NA	0	3	2	0	0	0	NA	NA	NA
B*44:02_GENGQNLVKW	1	PBMC	B*44:02	GENGQNLVKW	10	125	57.7	NA	1.07	0.3	NA	5.90E-05	9	1	0	0	0	NA	NA	NA
B*44:02_GEQPFISGTF	1	PBMC	B*44:02	GEQPFISGTF	10	699	60.2	9.05521	0.92	0.3	0.543029638239279	0	5	11	0	0	0	NA	NA	NA
B*44:02_HEACNCGNTV	10	TIL	B*44:02	HEACNCGNTV	10	6250	1181.5	NA	0.71	0.3	0.957145171743357	NA	6	4	0	0	0	NA	NA	NA
B*44:02_IENIWSPEG	1	PBMC	B*44:02	IENIWSPEG	9	NA	2686.8	NA	0.19	0.333333333333333	0.417192012670414	0.999999773666641	5	4	0	0	0	NA	NA	NA
B*44:02_IENRYAVQDF	16	TIL	B*44:02	IENRYAVQDF	10	264	129	0.848997	1.09	0.3	0.53952073339831	0	5	9	0	0	0	NA	NA	NA
B*44:02_KEEVKEVFQA	10	TIL	B*44:02	KEEVKEVFQA	10	30900	8303.5	NA	0.59	0.3	NA	NA	8	1	0	0	0	NA	NA	NA
B*44:02_KEIIPQCI	1	PBMC	B*44:02	KEIIPQCI	8	39670	2450.9	69.68075	1.49	0.5	0.071933701914405	NA	2	4	0	0	0	NA	NA	NA
B*44:02_KEIIPQCIA	1	PBMC	B*44:02	KEIIPQCIA	9	35508	5281.5	69.68075	1.49	0.444444444444444	0.125989472395963	NA	2	7	0	0	0	NA	NA	NA
B*44:02_LETLQSVRQCF	10	TIL	B*44:02	LETLQSVRQCF	11	1590	2304.7	NA	0.92	0.454545454545455	0.611650485436893	NA	9	1	0	0	0	NA	NA	NA
B*44:02_MEEFLDPSRPY	16	TIL	B*44:02	MEEFLDPSRPY	11	229	637.1	NA	0.62	0.272727272727273	0.935879193012014	0	3	6	0	0	0	NA	NA	NA
B*44:02_MENIEVYNEF	1	PBMC	B*44:02	MENIEVYNEF	10	701	33.2	NA	1.25	0.4	1.4954954954955	0	8	1	0	0	0	NA	NA	NA
B*44:02_MESARKAWENF	1	PBMC	B*44:02	MESARKAWENF	11	4927	397.5	110.061594881	0.89	0.272727272727273	0.028612836195106	0	11	8	0	0	0	NA	NA	NA
B*44:02_PEARNAILTQW	1	PBMC	B*44:02	PEARNAILTQW	11	5061	3444.4	NA	1.41	0.272727272727273	NA	5.90E-05	2	1	0	0	0	NA	NA	NA
B*44:02_QEAWTAAAM	10	TIL	B*44:02	QEAWTAAAM	9	197	124.7	NA	1.04	0.222222222222222	NA	0	NA	NA	0	0	0	NA	NA	NA
B*44:02_QEAWTAAAMY	10	TIL	B*44:02	QEAWTAAAMY	10	138	42.5	NA	2.35	0.2	NA	0	NA	NA	0	0	0	NA	NA	NA
B*44:02_REEQCLQW	10	TIL	B*44:02	REEQCLQW	8	198	424.9	2.879492	1.02	0.375	1.282459961858	0	6	4	0	0	0	NA	NA	NA
B*44:02_REEQCLQWDL	10	TIL	B*44:02	REEQCLQWDL	10	25400	519.3	NA	1.02	0.4	0.759112869529012	NA	6	4	0	0	0	NA	NA	NA
B*44:02_REMLKRQERF	1	PBMC	B*44:02	REMLKRQERF	10	256	194	21.59625364	1.55	0.3	0.111644500250994	0	10	10	0	0	0	NA	NA	NA
B*44:02_RENGKQQW	10	TIL	B*44:02	RENGKQQW	8	921	679.7	NA	1.53	0.125	NA	1.57E-15	8	1	0	0	0	NA	NA	NA
B*44:02_REYLYVYKI	16	TIL	B*44:02	REYLYVYKI	9	673	349.7	8.854365	1.24	0.333333333333333	0.152675795312996	NA	9	12	0	0	0	NA	NA	NA
B*44:02_SEGKLPYSY	16	TIL	B*44:02	SEGKLPYSY	9	572	48.4	NA	1.87	0.111111111111111	1.31462493206291	0.999941047525418	4	12	0	0	0	NA	NA	NA
B*44:02_SERVLTEIF	1	PBMC	B*44:02	SERVLTEIF	9	407	161.7	52.051897	0.75	0.444444444444444	0.02565778146336	NA	9	13	0	0	0	NA	NA	NA
B*44:02_SESSTIQEV	10	TIL	B*44:02	SESSTIQEV	9	116	75.5	NA	0.66	0.222222222222222	0.015487525505756	NA	2	5	0	0	0	NA	NA	NA
B*44:02_SEVAVSVLSA	16	TIL	B*44:02	SEVAVSVLSA	10	10229	600	8.19211	0.38	0.4	0.776598498576236	NA	9	7	0	0	0	NA	NA	NA
B*44:02_VEHINISQDW	10	TIL	B*44:02	VEHINISQDW	10	75	32.4	3.963	0.93	0.4	1.0617759585363	1.21E-17	3	8	1	1	12.25	NA	NA	NA
B*44:02_VEKSELWMY	1	PBMC	B*44:02	VEKSELWMY	9	14948	221.9	15.6385868341	1.11	0.444444444444444	0.812148538073328	0	8	13	0	0	0	NA	NA	NA
B*44:02_YEDVFPVW	10	TIL	B*44:02	YEDVFPVW	8	6150	343.9	NA	0.97	0.5	1.37242126210669	6.95E-09	6	3	0	0	0	NA	NA	NA
B*57:01_GSARALSLW	2	PBMC	B*57:01	GSARALSLW	9	62	9.9	NA	8.86	0.333333333333333	0.008544007932408	0	2	11	0	NA	NA	NA	0	0
B*57:01_IIVRNATFTW	2	PBMC	B*57:01	IIVRNATFTW	10	359	22.3	11.804965	8.75	0.5	3.43289452666059	0	2	9	0	NA	NA	NA	0	0
B*57:01_IVRNATFTW	2	PBMC	B*57:01	IVRNATFTW	9	34	10.8	11.804965	8.75	0.444444444444444	0.470421881040295	0	1	14	0	NA	NA	NA	0	0
B*57:01_KSFKEIKLW	2	PBMC	B*57:01	KSFKEIKLW	9	26	6	51.1624626252	49.34	0.444444444444444	0.711097399938716	0.5	5	16	1	NA	NA	NA	1	0.016
B*57:01_KTLGIKLSF	2	PBMC	B*57:01	KTLGIKLSF	9	84	34.4	63.179247	5.22	0.444444444444444	0.641420390350046	0	8	18	0	NA	NA	NA	0	0
B*57:01_LSLAGSDCFW	2	PBMC	B*57:01	LSLAGSDCFW	10	92	13.8	103.781660008	16.06	0.5	1.34848322757921	0	5	10	0	NA	NA	NA	0	0
B*57:01_RTDKVRALW	2	PBMC	B*57:01	RTDKVRALW	9	35	21.4	124.20169	55.36	0.333333333333333	0.001232932498993	0	9	16	0	NA	NA	NA	0	0
C*05:01_FSDQAEVSVL	16	TIL	C*05:01	FSDQAEVSVL	10	NA	49.2	0	0.25	0.4	1.35846152111151	0	6	2	0	0	0	NA	NA	NA
C*05:01_FTSMSAVEF	16	TIL	C*05:01	FTSMSAVEF	9	NA	120.1	NA	0.21	0.444444444444444	0.231131596669479	NA	1	5	0	0	NA	NA	NA	NA
C*05:01_KTDTGVHATL	16	TIL	C*05:01	KTDTGVHATL	10	NA	415.5	0.89626	0.24	0.2	2.16724802338715	NA	4	6	1	1	0.045	NA	NA	NA
C*05:01_LSRMGQTVI	16	TIL	C*05:01	LSRMGQTVI	9	NA	4348.2	NA	0.25	0.444444444444444	0.132683170945309	NA	9	3	0	0	0	NA	NA	NA
C*05:01_TADWHLYLF	16	TIL	C*05:01	TADWHLYLF	9	NA	74.1	4.3956955	0.21	0.444444444444444	0.538095481699908	0.007619771094184	5	11	0	0	0	NA	NA	NA
C*05:01_VQDPNDRLL	16	TIL	C*05:01	VQDPNDRLL	9	NA	368.3	3.794759	0.12	0.333333333333333	0.315671649717645	0	8	11	0	0	0	NA	NA	NA
C*05:01_VSDSHVYKY	16	TIL	C*05:01	VSDSHVYKY	9	NA	964.9	1.3262015	0.12	0.222222222222222	0.643729472490501	NA	4	8	0	0	0	NA	NA	NA
C*06:02_LRMNQSQFI	12	TIL	C*06:02	LRMNQSQFI	9	NA	32.1	9.659287	0.15	0.444444444444444	0.52582898361059	0	1	13	0	0	0	NA	NA	NA
C*06:02_LRMNQSQFIQ	12	TIL	C*06:02	LRMNQSQFIQ	10	NA	5498.3	9.659287	0.15	0.4	0.929020752613574	NA	1	4	0	0	0	NA	NA	NA
C*06:02_VRINTARPV	12	PBMC	C*06:02	VRINTARPV	9	NA	351.9	14.25145	0.14	0.333333333333333	0.11040332757617	0	9	10	1	1	0.015	NA	NA	NA
C*06:02_VRRKSRRRM	12	TIL	C*06:02	VRRKSRRRM	9	NA	1614.8	NA	0.11	0.222222222222222	0.004569963137811	0	3	1	0	0	0	NA	NA	NA
